settlement,settlement_num_x,avg_class_size,dropout_students_percent,bagrut_elig_percent,academy_acceptance_elig_percent,academy_grad_percent_35_55_age_group,seniors_enter_academy_last_8_years,students_in_population_percent,education_workers_abs,education_workers_Wmaster_percent,avg_students_per_teacher,avg_teacher_hours_per_student,edu_years_avg_norm,academy_manager_workers_norm,academy_graduates_norm,Salary_norm,Internet_norm,work_10_norm,pollution,religion,religion_idx,overall_population_2020,altitude_avg,crime_score_percent,district_name,district_idx,T,S,R,Q,P,O,N,M,L,K,J,  I,  H,G,F,E,D,B-C,A,nature_rate
ירושלים,"3,000",26.09,5.01,38.32,32.99,16.35,22.3,2.68,"17,627",26.72,11.6,2.37,-0.04,0.2,0.05,-0.59,-0.3,-1.428574217,1.860417129,ישוב מעורב,2,351149,715,3.001632762,ירושלים,9,1.6,3.7,2.3,12.4,18.4,11.4,4.3,6.3,1.1,1.9,4.2,5.7,4.1,10.6,5.3,0.4,0.3,5.4,0.2,0.862459075
תל אביב -יפו,"5,000",26.59,1.31,74.39,67.79,44.63,44.9,4.78,"6,444",37.21,9.7,3.11,1.23,1.08,0.9,0.92,0.95,2.814944421,3.840531561,ישוב מעורב,2,303808,17,,תל אביב,16,2.2,2.7,3.4,10.6,10.4,7.4,4,12.3,1.5,5.6,10.6,4.9,3.5,10.4,3,0.2,0.3,6.7,0.1,0.401091803
חיפה,"4,000",26.5,1.3,74.74,64.84,33.89,46.7,4.81,"4,669",41.34,9.83,3.07,0.84,0.67,0.67,1.06,0.6,-1.270183917,1.267745887,ישוב מעורב,2,283736,98,3.92125074,חיפה,6,1.5,2.8,2.1,13.1,11.8,9.5,4.5,9.5,1.2,2.3,4.1,3.4,5,10,4,0.2,1.4,13.4,0.2,0.956933761
ראשון לציון,"8,300",27.81,0.68,81.73,72.7,26.26,44.2,2.99,"3,749",44.17,11.34,2.78,0.18,0.08,0.26,0.43,0.43,0.932318341,1.176295648,יהודי,1,256053,41,2.833397773,רחובות,14,1.7,2.9,1.8,10.5,10.5,12.2,3.5,8.8,0.7,5.4,6,3.6,5.1,12,4.2,0.3,0.3,9.8,0.6,0.44551196
פתח תקווה,"7,900",27.67,0.73,74.84,66.9,33.22,41.8,2.52,"4,726",36.29,10.62,2.85,0.45,0.12,0.39,0.43,0.36,4.470045672,1.379781524,יהודי,1,250484,31,2.656856326,פתח תקווה,12,1.8,2.4,1.9,10.8,10.6,10.4,4,8.7,1.3,5.6,9.7,4.3,3.7,11.4,4.6,0.4,0.2,7.7,0.5,0.607934148
אשדוד,70,26.76,1.19,56.99,48.27,15.32,35.1,2.11,"4,130",33.37,12.06,2.55,-0.29,-0.51,0.01,0.04,0.03,-1.77424686,1.011190441,יהודי,1,226154,22,3.774419201,אשקלון,1,1.1,3.4,1.6,12.3,11.8,10.6,4.5,3.8,0.4,2.2,2.7,3.7,5.7,10.3,5.9,0.3,0.7,16.9,1.9,0.915796367
נתניה,"7,400",27.29,1.03,73.36,62.26,22.35,37.6,2.27,"3,768",36.07,11.35,2.73,0.06,-0.19,0.08,0.4,0.43,-1.66848135,0.940830387,יהודי,1,222129,28,2.780366364,השרון,4,2.2,2.4,1.6,11.2,10.3,10.4,4.6,8.1,1.7,2.8,6.4,4.4,3.8,14.6,5.5,0.4,0.2,7.6,1.9,0.523501198
באר שבע,"9,000",26.15,1.01,76.12,61.05,21.6,34.3,3.66,"3,717",38.36,10,3.26,-0.06,-0.14,0.28,0.6,0.3,-1.812425629,0.834281962,יהודי,1,210595,291,6.730929034,באר שבע,2,0.8,2.1,1.6,11.1,14.6,11.6,5.2,5,0.4,0.7,2.9,7.2,5.2,10.9,4.8,0.7,0.4,13.2,1.7,0.795534746
בני ברק,"6,100",27.3,1.71,6.22,4.82,7.19,9.6,0.81,"2,886",14.21,16.13,1.47,-0.96,-0.23,0.09,-0.77,-0.4,4.303916432,1.059904863,יהודי,1,208793,27,1.572370721,תל אביב,16,2.2,2.7,3.4,10.6,10.4,7.4,4,12.3,1.5,5.6,10.6,4.9,3.5,10.4,3,0.2,0.3,6.7,0.1,0.464606507
חולון,"6,600",28.11,0.95,76.67,65.17,23.15,41.4,2.3,"2,905",38.38,12.27,2.63,-0.14,-0.28,0.14,0.58,0.22,3.346867547,1.155096379,יהודי,1,197246,34,2.428946595,תל אביב,16,2.2,2.7,3.4,10.6,10.4,7.4,4,12.3,1.5,5.6,10.6,4.9,3.5,10.4,3,0.2,0.3,6.7,0.1,0.39689824
רמת גן,"8,600",27.33,0.99,83.9,79.65,42.17,51.6,3.87,"2,150",43.21,12.45,2.49,1.01,0.6,0.86,0.85,0.73,4.283795188,0.968633737,יהודי,1,167556,37,2.055432214,תל אביב,16,2.2,2.7,3.4,10.6,10.4,7.4,4,12.3,1.5,5.6,10.6,4.9,3.5,10.4,3,0.2,0.3,6.7,0.1,0.398943057
אשקלון,"7,100",27.83,1.1,72.04,63.87,19.22,38.4,2.37,"2,585",33.27,10.42,3.08,-0.15,-0.49,-0.05,0.74,0.35,-1.843381389,0.958378471,יהודי,1,146519,36,4.376906749,אשקלון,1,1.1,3.4,1.6,12.3,11.8,10.6,4.5,3.8,0.4,2.2,2.7,3.7,5.7,10.3,5.9,0.3,0.7,16.9,1.9,0.941640401
רחובות,"8,400",27.77,1.23,77.01,67.68,39.02,42.4,3.16,"2,695",39.07,10.62,2.9,0.71,0.63,0.56,0.69,0.51,-1.416707843,0.822373002,יהודי,1,146095,51,2.013758171,רחובות,14,1.7,2.9,1.8,10.5,10.5,12.2,3.5,8.8,0.7,5.4,6,3.6,5.1,12,4.2,0.3,0.3,9.8,0.6,0.428007917
בית שמש,"2,610",24.98,2.51,35.69,29.77,10.43,26.6,1.63,"2,563",24.7,12.1,2.31,-0.17,-0.3,0.19,-1.07,-0.69,-1.689634452,0.814041463,יהודי,1,132544,302,1.961612747,ירושלים,9,1.6,3.7,2.3,12.4,18.4,11.4,4.3,6.3,1.1,1.9,4.2,5.7,4.1,10.6,5.3,0.4,0.3,5.4,0.2,0.955897992
בת ים,"6,200",24.54,1.54,74.03,62.75,9.8,27.2,1.45,"1,883",35.53,10.29,3.09,-0.35,-0.79,-0.15,0.17,-0.13,3.309204707,1.011472185,יהודי,1,127803,22,4.733065734,תל אביב,16,2.2,2.7,3.4,10.6,10.4,7.4,4,12.3,1.5,5.6,10.6,4.9,3.5,10.4,3,0.2,0.3,6.7,0.1,0.444139573
כפר סבא,"6,900",27.2,0.79,81.36,74.48,47.69,45.6,2.64,"1,877",42.35,9.96,3.08,1.02,0.71,0.76,0.89,0.85,3.490295898,0.878550459,יהודי,1,101830,52,2.315624079,פתח תקווה,12,1.8,2.4,1.9,10.8,10.6,10.4,4,8.7,1.3,5.6,9.7,4.3,3.7,11.4,4.6,0.4,0.2,7.7,0.5,0.464282083
הרצלייה,"6,400",28.05,1.35,84.38,77.68,44.95,51.1,3.4,"1,522",41.85,10.59,2.89,1.14,0.78,0.78,1.43,1.47,4.390592557,,יהודי,1,98966,38,,תל אביב,16,2.2,2.7,3.4,10.6,10.4,7.4,4,12.3,1.5,5.6,10.6,4.9,3.5,10.4,3,0.2,0.3,6.7,0.1,0.694778208
חדרה,"6,500",26.42,1.12,68.27,57.54,22.25,31.4,2.24,"1,767",34.8,10.37,2.91,-0.17,-0.36,0.11,0.64,0.49,-1.582837083,0.932882195,יהודי,1,98908,19,3.173656327,חדרה,5,1.5,2.5,2.1,12.7,12.1,7.9,3.5,7,0.4,1.7,3.8,4.5,3.4,12.3,10.4,0.4,0.5,11.7,1.6,0.52584366
לוד,"7,000",25.67,1.73,57.07,44.47,11.39,25.3,1.97,"1,770",33.84,10.81,2.87,-0.67,-0.88,-0.56,0.14,-0.23,-0.65519617,,ישוב מעורב,2,80932,57,5.738150546,רמלה,15,1.6,2.7,1.8,10.4,9.5,14.1,4.6,7.4,0.7,4.5,6.9,3.2,7.4,11,3.7,,,10,,0.386298898
מודיעין עילית,"3,797",27.87,1.96,3.2,1.85,3.79,53.8,3.78,"1,058",4.35,18.85,1.07,1.79,1.56,1.31,0.02,0.6,-1.786629164,,יהודי,1,77967,293,3.357830877,יהודה ושומרון,7,0.7,3,2.1,12.8,24.8,15.5,3.6,6.1,1,2.2,5.4,2.9,3.1,7.3,2.7,,0.3,5.9,,0.569631567
נצרת,"7,300",29.17,1.58,56.49,45.14,15.01,34,2.82,"1,882",36.98,9.94,3.14,-0.57,-0.44,-0.55,-0.71,-0.74,-1.808298195,,לא יהודי,3,77792,347,1.253342246,יזרעאל,8,0.6,2.6,1.2,11.2,12.3,9.2,4.5,5.5,0.3,1.6,1.6,3.3,5.3,10.1,11.4,0.4,0.4,16.5,1.9,0.641197328
רמלה,"8,500",25.69,1.8,64.85,50.1,9.04,25.4,1.73,"1,601",30.54,11.17,2.75,-1.07,-1.09,-0.74,-0.35,-0.46,-1.115921051,0.981622492,ישוב מעורב,2,76987,76,5.024224869,רמלה,15,1.6,2.7,1.8,10.4,9.5,14.1,4.6,7.4,0.7,4.5,6.9,3.2,7.4,11,3.7,,,10,,0.379096621
רעננה,"8,700",27.25,1.19,87.75,83.76,43.8,55.8,3.54,"1,479",42.87,10.28,2.99,1.65,1.46,1.16,1.25,1.34,4.139334979,1.032284133,יהודי,1,76277,48,2.291647548,פתח תקווה,12,1.8,2.4,1.9,10.8,10.6,10.4,4,8.7,1.3,5.6,9.7,4.3,3.7,11.4,4.6,0.4,0.2,7.7,0.5,0.588814977
רהט,"1,161",27.29,4.53,57.43,42.65,7.49,16.2,1.77,"1,872",24.31,10.48,3.16,-1.46,-1.06,-2.11,0.09,-0.7,-1.864018561,,לא יהודי,3,73768,222,0.119292918,באר שבע,2,0.8,2.1,1.6,11.1,14.6,11.6,5.2,5,0.4,0.7,2.9,7.2,5.2,10.9,4.8,0.7,0.4,13.2,1.7,0.680660596
ראש העין,"2,640",26.13,0.81,75.25,67.95,34.39,38.4,3.16,"1,043",38.45,11.41,2.65,0.25,0.29,0.49,-0.11,0.33,4.158424364,,יהודי,1,67624,83,2.16934816,פתח תקווה,12,1.8,2.4,1.9,10.8,10.6,10.4,4,8.7,1.3,5.6,9.7,4.3,3.7,11.4,4.6,0.4,0.2,7.7,0.5,0.818658269
הוד השרון,"9,700",30.15,1.39,86.5,81.11,54.35,52.1,3.18,"1,137",43.98,11.75,2.65,1.52,1.51,1.09,0.96,1.25,4.147589848,,יהודי,1,64489,37,3.938656205,פתח תקווה,12,1.8,2.4,1.9,10.8,10.6,10.4,4,8.7,1.3,5.6,9.7,4.3,3.7,11.4,4.6,0.4,0.2,7.7,0.5,0.648468385
ביתר עילית,"3,780",25.33,1.91,11.14,6.71,5.91,19.3,0.93,"1,334",10.94,15.77,2.07,-1.08,-0.53,0.11,-2.04,-0.95,-1.425478641,,יהודי,1,61125,701,1.411860941,יהודה ושומרון,7,0.7,3,2.1,12.8,24.8,15.5,3.6,6.1,1,2.2,5.4,2.9,3.1,7.3,2.7,,0.3,5.9,,1.004711178
גבעתיים,"6,300",29.79,0.71,92.79,87.17,55.35,52.2,4.1,755,42.25,14.58,2.05,0.13,0.09,0.48,0.13,0.44,4.389560698,,יהודי,1,61061,42,1.942319975,תל אביב,16,2.2,2.7,3.4,10.6,10.4,7.4,4,12.3,1.5,5.6,10.6,4.9,3.5,10.4,3,0.2,0.3,6.7,0.1,0.394873564
קריית אתא,"6,800",28.09,1.38,76.96,60.09,20.88,42.5,2.53,953,36.1,11.3,2.73,-0.5,-0.57,-0.01,0.7,0.3,-1.454886612,0.844220661,יהודי,1,59364,35,,חיפה,6,1.5,2.8,2.1,13.1,11.8,9.5,4.5,9.5,1.2,2.3,4.1,3.4,5,10,4,0.2,1.4,13.4,0.2,0.837955415
נהרייה,"9,100",27.68,1.3,71.49,59.84,21.25,39.7,2.64,931,39.63,12.01,2.66,0.04,-0.2,0.31,0.69,0.27,-1.890330956,,יהודי,1,59156,24,,עכו,11,0.9,2.6,1.5,10.2,12.9,8.2,3.9,4.7,0.4,1.5,2.1,3.8,4.6,11.9,9.3,0.8,0.3,18.8,1.7,1.080443884
קריית גת,"2,630",24.56,1.13,63.8,50.95,13.83,23.4,2.14,"1,113",35.13,10.2,3.15,-0.69,-0.86,-0.27,0.2,-0.11,-1.839253954,0.937558922,יהודי,1,58482,128,,אשקלון,1,1.1,3.4,1.6,12.3,11.8,10.6,4.5,3.8,0.4,2.2,2.7,3.7,5.7,10.3,5.9,0.3,0.7,16.9,1.9,0.62011998
אום אל-פחם,"2,710",26.75,1.09,59.4,44.16,8.52,23.3,2.11,"1,438",31.36,10.54,3.07,-1.18,-0.83,-1.3,-1.33,-1.1,-1.890846886,,לא יהודי,3,56777,310,,חדרה,5,1.5,2.5,2.1,12.7,12.1,7.9,3.5,7,0.4,1.7,3.8,4.5,3.4,12.3,10.4,0.4,0.5,11.7,1.6,0.543304479
עפולה,"7,700",24.77,1.58,65.64,51.28,16.57,33.5,2.89,"1,026",35.58,9.14,3.39,-0.54,-0.74,-0.24,0.69,0.31,-1.84234953,0.873613557,יהודי,1,56769,144,4.461942257,יזרעאל,8,0.6,2.6,1.2,11.2,12.3,9.2,4.5,5.5,0.3,1.6,1.6,3.3,5.3,10.1,11.4,0.4,0.4,16.5,1.9,0.427741712
אילת,"2,600",24.89,1.8,66.28,59.65,10.82,23.1,1.89,971,36.66,10.77,3.24,-0.69,-0.67,-0.08,0.6,0.59,-1.898585826,0.796197633,יהודי,1,52519,164,8.751118643,באר שבע,2,0.8,2.1,1.6,11.1,14.6,11.6,5.2,5,0.4,0.7,2.9,7.2,5.2,10.9,4.8,0.7,0.4,13.2,1.7,1.370921451
נס ציונה,"7,200",29.14,0.66,87.75,82.3,50.99,53.5,3.11,"1,034",44.1,10.44,2.97,0.52,0.6,0.55,0.34,0.4,-1.309910474,,יהודי,1,50706,39,2.098371001,רחובות,14,1.7,2.9,1.8,10.5,10.5,12.2,3.5,8.8,0.7,5.4,6,3.6,5.1,12,4.2,0.3,0.3,9.8,0.6,0.58910178
יבנה,"2,660",27.2,1.98,79.77,70.43,29.65,40.3,2.51,874,36.61,10.78,2.92,-0.35,-0.18,-0.02,0.08,0.16,-1.640105237,0.887582759,יהודי,1,49836,31,2.205233165,רחובות,14,1.7,2.9,1.8,10.5,10.5,12.2,3.5,8.8,0.7,5.4,6,3.6,5.1,12,4.2,0.3,0.3,9.8,0.6,0.612376717
עכו,"7,600",25.54,1.31,70.88,48.32,13.37,34.2,2.42,"1,102",32.49,9.01,3.58,-0.86,-0.86,-0.43,0.33,-0.26,-1.486358301,,ישוב מעורב,2,49503,8,6.714744561,עכו,11,0.9,2.6,1.5,10.2,12.9,8.2,3.9,4.7,0.4,1.5,2.1,3.8,4.6,11.9,9.3,0.8,0.3,18.8,1.7,0.988096034
אלעד,"1,309",25.17,1.35,28.61,20.15,11.17,16.7,1.15,"1,009",10.31,16.78,1.71,-0.87,-0.64,0.18,-1.8,-0.72,1.236200709,1.085064942,יהודי,1,49167,122,1.317957166,פתח תקווה,12,1.8,2.4,1.9,10.8,10.6,10.4,4,8.7,1.3,5.6,9.7,4.3,3.7,11.4,4.6,0.4,0.2,7.7,0.5,0.944953273
רמת השרון,"2,650",25.77,1.24,79.26,74.58,55.9,58.3,3.07,"1,028",43.39,9,3.28,1.65,1.71,1.09,1.67,1.58,4.266253591,,יהודי,1,47512,39,2.483583095,תל אביב,16,2.2,2.7,3.4,10.6,10.4,7.4,4,12.3,1.5,5.6,10.6,4.9,3.5,10.4,3,0.2,0.3,6.7,0.1,0.625463436
כרמיאל,"1,139",26.66,1.53,73.23,59.63,21.33,37,3.02,885,39.77,9.53,3.3,0.15,-0.18,0.61,0.97,0.77,-1.808814124,0.779743704,יהודי,1,46122,270,5.691427085,עכו,11,0.9,2.6,1.5,10.2,12.9,8.2,3.9,4.7,0.4,1.5,2.1,3.8,4.6,11.9,9.3,0.8,0.3,18.8,1.7,1.396238761
טבריה,"6,700",24.05,2,61.43,41.47,10.07,29.1,1.84,984,34.25,9.2,3.43,-0.95,-0.95,-0.31,0.58,0.23,-1.849056611,,יהודי,1,45867,11,5.099526893,כנרת,10,1,3.4,,11.9,14.3,14.3,5.5,3,,1.6,1.3,7.7,4.2,11.7,5.6,,,10.2,2.5,0.937895615
קריית מוצקין,"8,200",27.98,0.94,79.15,71.49,28.99,38.3,2.78,636,38.68,11.02,2.92,0.05,-0.01,0.33,1.14,0.47,-1.466237057,0.836605195,יהודי,1,45463,9,,חיפה,6,1.5,2.8,2.1,13.1,11.8,9.5,4.5,9.5,1.2,2.3,4.1,3.4,5,10,4,0.2,1.4,13.4,0.2,0.780478692
טייבה,"2,730",27.11,2.09,74.28,60.63,13.49,29.9,3.01,918,40.2,11.67,2.74,-1,-0.53,-0.79,-0.45,-0.67,-1.145329022,,לא יהודי,3,44585,64,0.035886509,השרון,4,2.2,2.4,1.6,11.2,10.3,10.4,4.6,8.1,1.7,2.8,6.4,4.4,3.8,14.6,5.5,0.4,0.2,7.6,1.9,0.333522188
פרדס חנה-כרכור,"7,800",27.17,1.61,75.48,64.94,41.91,30.1,2.43,824,36.04,11.17,2.65,0.38,0.18,0.48,0.64,0.57,-1.716978706,0.912752118,יהודי,1,43760,48,,חדרה,5,1.5,2.5,2.1,12.7,12.1,7.9,3.5,7,0.4,1.7,3.8,4.5,3.4,12.3,10.4,0.4,0.5,11.7,1.6,0.442223251
שפרעם,"8,800",25.99,1.83,56.5,48.15,11.31,27.6,2.45,789,40.43,12.12,2.65,-0.8,-0.77,-1,-0.86,-0.8,-1.844929176,,לא יהודי,3,42509,137,0.272883389,עכו,11,0.9,2.6,1.5,10.2,12.9,8.2,3.9,4.7,0.4,1.5,2.1,3.8,4.6,11.9,9.3,0.8,0.3,18.8,1.7,0.780920599
קריית ביאליק,"9,500",27.21,1.45,78.89,68.44,26.57,34.3,2.63,593,40.13,11.03,2.85,-0.02,-0.19,0.22,1.18,0.47,-1.464689269,0.852225829,יהודי,1,41912,12,,חיפה,6,1.5,2.8,2.1,13.1,11.8,9.5,4.5,9.5,1.2,2.3,4.1,3.4,5,10,4,0.2,1.4,13.4,0.2,0.805676102
קריית אונו,"2,620",29.43,0.55,89.46,88.29,56.84,55.8,3.3,723,43.98,11.88,2.6,1.11,1.11,0.89,1.15,0.66,4.593352779,,יהודי,1,40835,61,,תל אביב,16,2.2,2.7,3.4,10.6,10.4,7.4,4,12.3,1.5,5.6,10.6,4.9,3.5,10.4,3,0.2,0.3,6.7,0.1,0.418885928
נתיבות,246,23.3,1.7,62.59,39.8,14.68,31.4,2.27,794,28.21,13,2.55,-0.75,-0.89,-0.18,-0.31,-0.51,-1.861438915,,יהודי,1,39703,133,3.851094376,באר שבע,2,0.8,2.1,1.6,11.1,14.6,11.6,5.2,5,0.4,0.7,2.9,7.2,5.2,10.9,4.8,0.7,0.4,13.2,1.7,0.581601978
קריית ים,"9,600",26.01,1.7,66.92,48.74,13.46,35.2,1.93,619,36.35,9.58,3.22,-0.38,-0.74,-0.19,0.77,0.09,-1.464689269,0.865448731,יהודי,1,39459,7,,חיפה,6,1.5,2.8,2.1,13.1,11.8,9.5,4.5,9.5,1.2,2.3,4.1,3.4,5,10,4,0.2,1.4,13.4,0.2,0.772115395
מעלה אדומים,"3,616",24.31,0.55,87.33,77.38,24.87,43.9,3.87,"1,016",38.39,8.94,3.53,0.1,-0.21,0.33,-0.35,-0.31,-1.643200813,,יהודי,1,37846,330,3.508957353,יהודה ושומרון,7,0.7,3,2.1,12.8,24.8,15.5,3.6,6.1,1,2.2,5.4,2.9,3.1,7.3,2.7,,0.3,5.9,,0.672575268
אור יהודה,"2,400",24.79,0.82,72.31,57.85,13.76,40.5,2.31,583,31.73,12.73,2.31,-0.67,-0.64,-0.53,0.21,-0.21,4.080519037,0.950656228,יהודי,1,36770,29,2.61354365,תל אביב,16,2.2,2.7,3.4,10.6,10.4,7.4,4,12.3,1.5,5.6,10.6,4.9,3.5,10.4,3,0.2,0.3,6.7,0.1,0.369739247
צפת,"8,000",22.63,3.25,48.19,36.95,15.39,33.1,2.72,931,31.47,9.39,3.07,-0.55,-0.37,-0.06,0.46,-0.01,-1.90271326,,יהודי,1,36061,602,3.030975292,צפת,13,,3.6,3.1,10.6,13.4,11.2,3.9,4.1,,1.5,0.9,8.6,4.5,8,3.7,,,14.8,6.8,1.448088372
דימונה,"2,200",22.13,1.83,69.33,56.08,11.67,26,2.09,765,38.95,9.46,3.51,-1.02,-1,-0.29,0.72,-0.21,-1.904776977,,יהודי,1,35269,453,6.861549803,באר שבע,2,0.8,2.1,1.6,11.1,14.6,11.6,5.2,5,0.4,0.7,2.9,7.2,5.2,10.9,4.8,0.7,0.4,13.2,1.7,1.371889614
טמרה,"8,900",25.87,0.47,60.25,45.63,12.19,31.3,2.88,906,36.42,9.69,3.37,-1,-0.91,-1.2,-0.07,-0.63,-1.857827409,,לא יהודי,3,34877,93,0.040141067,עכו,11,0.9,2.6,1.5,10.2,12.9,8.2,3.9,4.7,0.4,1.5,2.1,3.8,4.6,11.9,9.3,0.8,0.3,18.8,1.7,0.733089696
אופקים,31,23.89,1.27,50.24,39.81,12.26,26.6,1.84,648,24.07,10.1,2.77,-1.03,-0.91,-0.33,-0.12,-0.54,-1.903229189,,יהודי,1,32555,142,3.12087237,באר שבע,2,0.8,2.1,1.6,11.1,14.6,11.6,5.2,5,0.4,0.7,2.9,7.2,5.2,10.9,4.8,0.7,0.4,13.2,1.7,0.817530532
סח'נין,"7,500",26.31,1.43,70.92,61.58,15.78,39.5,3.44,719,47.15,11.25,2.95,-0.86,-0.63,-0.8,-1.22,-1.26,-1.833062802,,לא יהודי,3,32195,232,0.841745613,עכו,11,0.9,2.6,1.5,10.2,12.9,8.2,3.9,4.7,0.4,1.5,2.1,3.8,4.6,11.9,9.3,0.8,0.3,18.8,1.7,1.051773752
שדרות,"1,031",22.94,0.73,78.44,69.46,17.65,34.2,3.99,524,29.39,10.17,3.06,-0.72,-0.74,-0.35,0.01,-0.29,-1.645264531,0.875744263,יהודי,1,29074,89,5.606383711,אשקלון,1,1.1,3.4,1.6,12.3,11.8,10.6,4.5,3.8,0.4,2.2,2.7,3.7,5.7,10.3,5.9,0.3,0.7,16.9,1.9,0.580192747
באר יעקב,"2,530",29.06,1.14,71.27,50.91,33.83,19.6,1.91,620,30.48,9.55,3.06,-0.05,-0.02,0.3,0.63,0.75,-0.387944783,,יהודי,1,29015,66,0.937446149,רמלה,15,1.6,2.7,1.8,10.4,9.5,14.1,4.6,7.4,0.7,4.5,6.9,3.2,7.4,11,3.7,,,10,,0.38030179
גדרה,"2,550",27.7,0.79,87.7,78.42,42.77,43.7,3.04,630,42.54,10.57,3.04,1.25,1.39,0.82,0.92,0.77,-1.566843274,,יהודי,1,28896,57,5.838178295,רחובות,14,1.7,2.9,1.8,10.5,10.5,12.2,3.5,8.8,0.7,5.4,6,3.6,5.1,12,4.2,0.3,0.3,9.8,0.6,0.432425966
גבעת שמואל,681,28.64,0.47,90.76,88.8,57.95,62.8,5.6,447,36.02,13.09,2.37,-1.26,-0.99,-1.52,-1.85,-1.6,4.489135057,,יהודי,1,27249,48,1.412895886,פתח תקווה,12,1.8,2.4,1.9,10.8,10.6,10.4,4,8.7,1.3,5.6,9.7,4.3,3.7,11.4,4.6,0.4,0.2,7.7,0.5,0.460083004
ערד,"2,560",21.62,1.27,51.48,42.3,12.36,22.9,1.53,448,30.36,11.68,2.48,-0.19,-0.53,0.15,1.13,0.57,-1.90271326,0.783436434,יהודי,1,27208,488,5.325639518,באר שבע,2,0.8,2.1,1.6,11.1,14.6,11.6,5.2,5,0.4,0.7,2.9,7.2,5.2,10.9,4.8,0.7,0.4,13.2,1.7,1.292454532
טירה,"2,720",26.18,0.47,62.48,49.71,16.47,34.1,3.05,590,35.59,10.08,3.17,-0.93,-0.95,-0.86,-0.93,-0.88,-0.297657153,,לא יהודי,3,27036,61,4.175913597,השרון,4,2.2,2.4,1.6,11.2,10.3,10.4,4.6,8.1,1.7,2.8,6.4,4.4,3.8,14.6,5.5,0.4,0.2,7.6,1.9,0.349710579
עראבה,531,26.54,1.19,77.65,62.94,16.18,30.2,2.96,607,39.21,11.68,2.88,-0.5,-0.62,-0.8,-1.39,-1.27,-1.837706166,,לא יהודי,3,26252,247,0.072375438,עכו,11,0.9,2.6,1.5,10.2,12.9,8.2,3.9,4.7,0.4,1.5,2.1,3.8,4.6,11.9,9.3,0.8,0.3,18.8,1.7,0.895662152
כפר יונה,168,26.93,0.62,80.3,64.18,35.76,37.3,2.29,409,39.85,13.66,2.36,0.77,0.47,0.64,0.75,1.14,-1.5549769,,יהודי,1,26182,42,1.52394775,השרון,4,2.2,2.4,1.6,11.2,10.3,10.4,4.6,8.1,1.7,2.8,6.4,4.4,3.8,14.6,5.5,0.4,0.2,7.6,1.9,0.316365147
מגדל העמק,874,23.51,2.22,64.94,46.34,13.83,30.2,2.13,684,29.82,7.59,4.26,-0.54,-0.49,-0.64,-1.86,-1.48,-1.702532685,,יהודי,1,25722,205,3.374543193,יזרעאל,8,0.6,2.6,1.2,11.2,12.3,9.2,4.5,5.5,0.3,1.6,1.6,3.3,5.3,10.1,11.4,0.4,0.4,16.5,1.9,0.627991616
ערערה,637,27.24,1.21,68.07,57.78,14.85,17.9,2.32,424,31.84,12.74,2.57,-0.55,-0.54,-0.41,-1.92,-1.08,-1.807782266,,לא יהודי,3,25530,173,0.144927536,חדרה,5,1.5,2.5,2.1,12.7,12.1,7.9,3.5,7,0.4,1.7,3.8,4.5,3.4,12.3,10.4,0.4,0.5,11.7,1.6,0.630451934
קריית מלאכי,"1,034",23.56,1.35,65.2,54.86,12.15,27.1,2.07,569,36.03,9.77,3.16,-1.05,-1.06,-0.89,0.3,-0.34,-1.802622972,0.895776986,יהודי,1,24384,63,,אשקלון,1,1.1,3.4,1.6,12.3,11.8,10.6,4.5,3.8,0.4,2.2,2.7,3.7,5.7,10.3,5.9,0.3,0.7,16.9,1.9,0.514409567
טירת כרמל,"2,100",23.09,0.95,75.53,59.92,17.39,24.3,2.21,432,33.33,9.14,3.51,-0.93,-0.96,-0.52,0.44,-0.04,-1.463657411,,יהודי,1,24296,44,3.383272967,חיפה,6,1.5,2.8,2.1,13.1,11.8,9.5,4.5,9.5,1.2,2.3,4.1,3.4,5,10,4,0.2,1.4,13.4,0.2,1.281363961
כפר קאסם,634,26.36,1.13,70.66,53.28,12.02,23.1,2.75,593,39.63,10.23,3.09,-0.62,-0.36,-0.63,-1.33,-0.77,1.596319372,,לא יהודי,3,24256,84,1.034795515,פתח תקווה,12,1.8,2.4,1.9,10.8,10.6,10.4,4,8.7,1.3,5.6,9.7,4.3,3.7,11.4,4.6,0.4,0.2,7.7,0.5,0.577239768
מבשרת ציון,"1,015",24.53,0.9,80.73,70.1,42.52,51.7,4.22,426,45.54,10.98,2.78,0.73,1.2,0.8,0.86,0.97,-1.423414924,,יהודי,1,24247,719,3.406607003,ירושלים,9,1.6,3.7,2.3,12.4,18.4,11.4,4.3,6.3,1.1,1.9,4.2,5.7,4.1,10.6,5.3,0.4,0.3,5.4,0.2,1.056181649
יקנעם עילית,240,28.17,0.5,80.56,68.03,38.99,37.8,2.87,412,38.59,13.63,2.33,0.73,0.48,0.41,0,0.19,-1.648360106,,יהודי,1,24091,153,3.453571873,יזרעאל,8,0.6,2.6,1.2,11.2,12.3,9.2,4.5,5.5,0.3,1.6,1.6,3.3,5.3,10.1,11.4,0.4,0.4,16.5,1.9,1.062175661
נשר,"2,500",24.77,1.61,78.48,65.47,29.66,48.4,4.68,301,43.19,12.6,2.57,0.83,0.55,0.84,0.89,0.62,-1.336738799,0.886201655,יהודי,1,24039,157,4.064228961,חיפה,6,1.5,2.8,2.1,13.1,11.8,9.5,4.5,9.5,1.2,2.3,4.1,3.4,5,10,4,0.2,1.4,13.4,0.2,1.274132519
גן יבנה,166,28.24,1.05,84.54,77.32,32.69,43.2,3.79,446,41.26,13.88,2.34,-1.04,-1.24,-2.21,-2.26,-1.8,-1.640105237,0.892316779,יהודי,1,23925,39,2.654127482,רחובות,14,1.7,2.9,1.8,10.5,10.5,12.2,3.5,8.8,0.7,5.4,6,3.6,5.1,12,4.2,0.3,0.3,9.8,0.6,0.585222151
קלנסווה,638,28.05,0.64,59.06,49.9,11.7,26,2.92,526,34.6,12.6,2.59,-1.34,-0.97,-1.3,-1.71,-1.68,-0.954951103,,לא יהודי,3,23512,37,0.102075536,השרון,4,2.2,2.4,1.6,11.2,10.3,10.4,4.6,8.1,1.7,2.8,6.4,4.4,3.8,14.6,5.5,0.4,0.2,7.6,1.9,0.261492035
זכרון יעקב,"9,300",26.7,1.11,85.53,81.65,52.58,49.3,3.56,511,38.75,12.09,2.34,1.5,1.61,1.26,0.7,0.9,-1.722137999,,יהודי,1,23437,78,5.209711141,חדרה,5,1.5,2.5,2.1,12.7,12.1,7.9,3.5,7,0.4,1.7,3.8,4.5,3.4,12.3,10.4,0.4,0.5,11.7,1.6,0.993050742
מגאר,481,25.53,0.79,76.59,59.55,13.24,37.7,2.98,511,40.31,10.76,3.03,-0.45,-0.59,-0.15,0.52,-0.1,-1.845445106,,לא יהודי,3,23275,147,0.034371643,כנרת,10,1,3.4,,11.9,14.3,14.3,5.5,3,,1.6,1.3,7.7,4.2,11.7,5.6,,,10.2,2.5,1.230637552
כפר כנא,509,25.71,1.37,65.75,51.16,10.77,29.6,2.53,550,31.82,11.55,2.74,-1.19,-0.89,-1.16,-1.43,-1.1,-1.813973417,,לא יהודי,3,23265,229,0.103159252,יזרעאל,8,0.6,2.6,1.2,11.2,12.3,9.2,4.5,5.5,0.3,1.6,1.6,3.3,5.3,10.1,11.4,0.4,0.4,16.5,1.9,0.754311455
חורה,"1,303",25.9,2.72,54.46,41.23,10.6,23,1.99,733,22.37,7.48,4.57,-1.11,-0.4,-1.26,-0.53,-0.72,-1.812941559,,לא יהודי,3,23103,416,3.592607021,באר שבע,2,0.8,2.1,1.6,11.1,14.6,11.6,5.2,5,0.4,0.7,2.9,7.2,5.2,10.9,4.8,0.7,0.4,13.2,1.7,0.793260593
כסיפה,"1,059",26.55,2.21,51.69,40.73,12.2,21.1,2.28,694,26.37,7.96,4.23,-0.29,-0.99,-1.11,-2.44,-1.37,-1.90271326,0.758471761,לא יהודי,3,22484,466,1.000711617,באר שבע,2,0.8,2.1,1.6,11.1,14.6,11.6,5.2,5,0.4,0.7,2.9,7.2,5.2,10.9,4.8,0.7,0.4,13.2,1.7,1.05106406
קריית שמונה,"2,800",23.32,0.62,63.4,51.31,14.34,38.5,4.43,545,35.78,8.14,3.93,-0.69,-0.85,-0.12,1.01,0.15,-1.887235381,,יהודי,1,22363,208,,צפת,13,,3.6,3.1,10.6,13.4,11.2,3.9,4.1,,1.5,0.9,8.6,4.5,8,3.7,,,14.8,6.8,0.759606079
מעלות-תרשיחא,"1,063",23.89,1.19,69.73,60.83,18.36,42.6,2.75,519,34.49,8.62,3.72,-0.26,-0.67,0.28,0.28,-0.28,-1.848540682,,ישוב מעורב,2,22122,518,,עכו,11,0.9,2.6,1.5,10.2,12.9,8.2,3.9,4.7,0.4,1.5,2.1,3.8,4.6,11.9,9.3,0.8,0.3,18.8,1.7,1.389034841
תל שבע,"1,054",26.41,3.1,40.58,23.06,7.39,11.2,1.59,669,19.73,10.36,3.24,-1.65,-1.44,-4.88,0.64,-0.87,-1.812425629,,לא יהודי,3,21554,312,0.143824812,באר שבע,2,0.8,2.1,1.6,11.1,14.6,11.6,5.2,5,0.4,0.7,2.9,7.2,5.2,10.9,4.8,0.7,0.4,13.2,1.7,0.802833741
גני תקווה,229,27.48,0.82,83.61,80.33,53.99,56.2,2.91,330,35.76,13.83,2.17,0.75,0.5,0.52,0.3,-0.96,4.340031484,,יהודי,1,21551,74,1.289963343,פתח תקווה,12,1.8,2.4,1.9,10.8,10.6,10.4,4,8.7,1.3,5.6,9.7,4.3,3.7,11.4,4.6,0.4,0.2,7.7,0.5,0.448572647
ג'דיידה-מכר,"1,292",24.3,1.87,61.5,53.46,10.03,33.4,2.24,448,35.94,10.59,3.06,-0.15,0.15,0.37,-0.08,-0.13,-1.904776977,,לא יהודי,3,21336,38,,עכו,11,0.9,2.6,1.5,10.2,12.9,8.2,3.9,4.7,0.4,1.5,2.1,3.8,4.6,11.9,9.3,0.8,0.3,18.8,1.7,0.747551481
שוהם,"1,304",26.4,0.35,91.91,88.8,59.41,64.8,5.97,429,48.95,12.38,2.57,2.14,2.17,1.52,0.1,0.45,0.731621836,,יהודי,1,21014,96,1.927286571,רמלה,15,1.6,2.7,1.8,10.4,9.5,14.1,4.6,7.4,0.7,4.5,6.9,3.2,7.4,11,3.7,,,10,,0.837523253
כפר מנדא,510,25.71,1.67,79.09,49.28,10.46,18.3,2.13,507,32.54,10.34,3.14,-1.18,-0.76,-1.31,-0.51,-1.09,-1.785081376,,לא יהודי,3,20622,178,0.237610319,עכו,11,0.9,2.6,1.5,10.2,12.9,8.2,3.9,4.7,0.4,1.5,2.1,3.8,4.6,11.9,9.3,0.8,0.3,18.8,1.7,1.36829209
אריאל,"3,570",25.92,2.09,90.36,77.11,24.13,37,11.98,329,41.95,10.8,3.11,0.08,-0.5,0.34,0.33,0.19,-1.901165472,1.116133719,יהודי,1,19582,520,8.308650802,יהודה ושומרון,7,0.7,3,2.1,12.8,24.8,15.5,3.6,6.1,1,2.2,5.4,2.9,3.1,7.3,2.7,,0.3,5.9,,0.336859114
אור עקיבא,"1,020",23.38,0.84,82.74,69.03,14.65,27.2,1.97,431,43.16,8.39,3.68,-0.59,-0.95,-0.26,-0.13,-0.29,-1.722137999,,יהודי,1,19447,15,3.193294596,חדרה,5,1.5,2.5,2.1,12.7,12.1,7.9,3.5,7,0.4,1.7,3.8,4.5,3.4,12.3,10.4,0.4,0.5,11.7,1.6,0.6929597
יפיע,499,26.47,1.39,69.81,60.92,12.16,37,3.05,424,43.63,11.57,2.72,-0.76,-0.37,-0.74,-1.07,-0.89,-1.702016756,,לא יהודי,3,19301,293,0.212424227,יזרעאל,8,0.6,2.6,1.2,11.2,12.3,9.2,4.5,5.5,0.3,1.6,1.6,3.3,5.3,10.1,11.4,0.4,0.4,16.5,1.9,0.586938425
כפר קרע,654,28.04,0.48,59.82,52.79,17.97,32.5,2.63,475,38.53,9.78,3.24,-0.37,-0.23,-0.1,-0.29,-0.69,-1.724201716,,לא יהודי,3,19294,109,0.031097751,חדרה,5,1.5,2.5,2.1,12.7,12.1,7.9,3.5,7,0.4,1.7,3.8,4.5,3.4,12.3,10.4,0.4,0.5,11.7,1.6,0.677494914
גבעת זאב,"3,730",24.19,2.09,46.94,38.37,22.05,34.9,2.91,195,32.82,27.8,0.99,-0.45,-0.47,-0.65,-1.39,-1.05,-1.589028235,,יהודי,1,19225,730,2.434330299,יהודה ושומרון,7,0.7,3,2.1,12.8,24.8,15.5,3.6,6.1,1,2.2,5.4,2.9,3.1,7.3,2.7,,0.3,5.9,,0.676550815
ריינה,542,27.79,2.25,59.32,51.19,8.92,22.4,2.24,316,37.03,14.14,2.24,-1.04,-0.73,-0.81,-0.99,-1,-1.808298195,,לא יהודי,3,19141,318,0.02089755,יזרעאל,8,0.6,2.6,1.2,11.2,12.3,9.2,4.5,5.5,0.3,1.6,1.6,3.3,5.3,10.1,11.4,0.4,0.4,16.5,1.9,0.728018508
ערערה-בנגב,"1,192",25.94,1.64,25.41,13.51,7.26,12.4,1.17,639,26.92,9.69,3.56,-1.26,-0.98,-3.96,-0.17,-1.09,-1.903229189,,לא יהודי,3,18952,458,,באר שבע,2,0.8,2.1,1.6,11.1,14.6,11.6,5.2,5,0.4,0.7,2.9,7.2,5.2,10.9,4.8,0.7,0.4,13.2,1.7,1.034239669
בית שאן,"9,200",22.93,1.05,64.18,50,13.14,30.7,2.44,473,38.9,9.07,3.58,-1.02,-1,-0.41,0.87,-0.35,-1.90271326,,יהודי,1,18705,-131,2.427158514,יזרעאל,8,0.6,2.6,1.2,11.2,12.3,9.2,4.5,5.5,0.3,1.6,1.6,3.3,5.3,10.1,11.4,0.4,0.4,16.5,1.9,1.02733654
קריית טבעון,"2,300",27.09,1.28,80.8,78.13,54.58,50.1,3.9,342,40.35,9.44,3.25,1.42,1.65,1.37,1.09,1.09,-1.639589308,0.864529218,יהודי,1,18312,114,,חיפה,6,1.5,2.8,2.1,13.1,11.8,9.5,4.5,9.5,1.2,2.3,4.1,3.4,5,10,4,0.2,1.4,13.4,0.2,1.296491442
ירכא,502,25.03,0.72,80.92,50.33,12.34,26.3,3.05,505,27.92,7.84,3.86,-1.09,-0.7,-1.18,-1.54,-1.48,-1.840801742,,לא יהודי,3,17405,252,0.022981902,עכו,11,0.9,2.6,1.5,10.2,12.9,8.2,3.9,4.7,0.4,1.5,2.1,3.8,4.6,11.9,9.3,0.8,0.3,18.8,1.7,0.976630861
ג'סר א-זרקא,541,26.98,4.64,37.5,25,2.09,9.4,0.83,391,30.69,10.24,3.13,-0.8,-0.8,-1,-1.12,-1.07,-1.724201716,,לא יהודי,3,15127,11,,חדרה,5,1.5,2.5,2.1,12.7,12.1,7.9,3.5,7,0.4,1.7,3.8,4.5,3.4,12.3,10.4,0.4,0.5,11.7,1.6,1.087423041
מזכרת בתיה,28,28.21,0.45,83.89,78.86,53.79,50,3.56,323,43.34,13.31,2.43,1.28,1.35,1.04,0.61,0.95,-1.492033523,,יהודי,1,15093,62,1.093222023,רחובות,14,1.7,2.9,1.8,10.5,10.5,12.2,3.5,8.8,0.7,5.4,6,3.6,5.1,12,4.2,0.3,0.3,9.8,0.6,0.419308482
אכסאל,478,27.46,0.31,59.24,50,13.55,24.7,2.47,395,31.9,9.81,3.12,-0.88,-1.09,-1.12,-1.15,-1.52,-1.808814124,,לא יהודי,3,14939,125,0.026775554,יזרעאל,8,0.6,2.6,1.2,11.2,12.3,9.2,4.5,5.5,0.3,1.6,1.6,3.3,5.3,10.1,11.4,0.4,0.4,16.5,1.9,0.553208786
לקיה,"1,060",26.56,2.25,43.91,30.26,9.65,14.1,1.87,498,24.1,9.17,3.68,-1.64,-1.15,-1.87,-0.81,-0.99,-1.787661022,,לא יהודי,3,14642,391,2.786504576,באר שבע,2,0.8,2.1,1.6,11.1,14.6,11.6,5.2,5,0.4,0.7,2.9,7.2,5.2,10.9,4.8,0.7,0.4,13.2,1.7,0.783744556
טורעאן,498,26.05,3.51,65.27,51.88,14.52,26.9,2.89,307,24.76,11.91,2.65,-0.32,-0.2,-0.8,-0.57,-0.21,-1.852152187,,לא יהודי,3,14436,244,0.193959546,יזרעאל,8,0.6,2.6,1.2,11.2,12.3,9.2,4.5,5.5,0.3,1.6,1.6,3.3,5.3,10.1,11.4,0.4,0.4,16.5,1.9,0.928137955
אבו סנאן,473,25.52,1.79,65.81,52.56,12.09,28.5,2.32,293,32.08,10.11,3.12,-0.62,-0.43,-0.69,-1.62,-1,-1.836674307,,לא יהודי,3,14306,71,0.055920593,עכו,11,0.9,2.6,1.5,10.2,12.9,8.2,3.9,4.7,0.4,1.5,2.1,3.8,4.6,11.9,9.3,0.8,0.3,18.8,1.7,0.800688497
כאבול,504,24.84,0.61,80.47,59.77,15.17,35.6,3.18,256,30.08,12.34,2.73,-0.72,-0.63,-0.9,-0.86,-0.94,-1.904776977,,לא יהודי,3,14243,77,1.326967633,עכו,11,0.9,2.6,1.5,10.2,12.9,8.2,3.9,4.7,0.4,1.5,2.1,3.8,4.6,11.9,9.3,0.8,0.3,18.8,1.7,0.804419299
אבן יהודה,182,28.36,0.84,83.96,76.89,55.59,46.1,3.03,318,44.03,10.52,2.9,1.37,1.18,1.03,0.72,1.21,-0.387944783,,יהודי,1,14020,36,0.770328103,השרון,4,2.2,2.4,1.6,11.2,10.3,10.4,4.6,8.1,1.7,2.8,6.4,4.4,3.8,14.6,5.5,0.4,0.2,7.6,1.9,0.55505301
עין מאהל,532,23.15,0.52,34.93,26.27,9.3,21.3,1.96,295,38.64,12.19,2.72,-0.96,-0.84,-0.94,-0.06,-0.29,-1.808298195,,לא יהודי,3,13568,403,0.095813679,יזרעאל,8,0.6,2.6,1.2,11.2,12.3,9.2,4.5,5.5,0.3,1.6,1.6,3.3,5.3,10.1,11.4,0.4,0.4,16.5,1.9,0.684710085
אעבלין,529,28.21,1.09,58.13,52.85,12.12,40.3,2.54,374,38.5,9.11,3.53,-0.74,-0.69,-1.33,-0.76,-0.64,-1.861438915,,לא יהודי,3,13547,87,0.132870746,עכו,11,0.9,2.6,1.5,10.2,12.9,8.2,3.9,4.7,0.4,1.5,2.1,3.8,4.6,11.9,9.3,0.8,0.3,18.8,1.7,0.739653731
תל מונד,154,27.88,0.59,91.48,86.3,53.31,54.8,3.56,290,42.41,12.23,2.45,2.11,2.29,1.16,0.79,1.13,-0.385881066,,יהודי,1,13492,46,0.763415357,השרון,4,2.2,2.4,1.6,11.2,10.3,10.4,4.6,8.1,1.7,2.8,6.4,4.4,3.8,14.6,5.5,0.4,0.2,7.6,1.9,0.415178996
פוריידיס,537,26.95,0.53,72.83,46.42,8.63,17,1.9,326,39.26,10.51,3.13,-0.94,-0.92,-1.29,-1.88,-2.06,-1.735552161,,לא יהודי,3,13450,50,0.05204461,חדרה,5,1.5,2.5,2.1,12.7,12.1,7.9,3.5,7,0.4,1.7,3.8,4.5,3.4,12.3,10.4,0.4,0.5,11.7,1.6,0.945368498
אזור,565,26.31,0.96,76.67,70,21.82,36.1,2.29,120,38.33,21.16,1.51,-0.06,0.02,0.2,1,0.75,3.272573726,,יהודי,1,13332,26,2.04770477,תל אביב,16,2.2,2.7,3.4,10.6,10.4,7.4,4,12.3,1.5,5.6,10.6,4.9,3.5,10.4,3,0.2,0.3,6.7,0.1,0.358151858
נחף,522,25.65,1.13,41.11,33.1,12.44,38.1,3.11,361,38.78,9.86,3.4,-0.99,-0.9,-1.03,-1.7,-1.58,-1.809845983,,לא יהודי,3,13331,315,0.052509189,עכו,11,0.9,2.6,1.5,10.2,12.9,8.2,3.9,4.7,0.4,1.5,2.1,3.8,4.6,11.9,9.3,0.8,0.3,18.8,1.7,1.274114519
רכסים,922,24.21,1.32,15.93,7.14,7.82,20.7,1.12,204,7.35,13.1,1.76,-1.35,-0.08,0.11,-0.96,-0.79,-1.295464453,,יהודי,1,13265,96,0.987561251,חיפה,6,1.5,2.8,2.1,13.1,11.8,9.5,4.5,9.5,1.2,2.3,4.1,3.4,5,10,4,0.2,1.4,13.4,0.2,1.391748413
בית ג'ן,480,25.75,0.56,92.31,82.05,15.76,36.1,3.52,239,42.26,11.54,2.9,-0.72,-0.71,-0.86,-1.45,-1.35,-1.852152187,,לא יהודי,3,12151,901,0.106987079,עכו,11,0.9,2.6,1.5,10.2,12.9,8.2,3.9,4.7,0.4,1.5,2.1,3.8,4.6,11.9,9.3,0.8,0.3,18.8,1.7,2.542168548
שגב-שלום,"1,286",27.15,6.92,36.41,30.98,7.6,12.2,1.3,464,26.08,6.7,5.16,-1.16,-0.88,-2.58,0.72,-0.74,-1.812425629,,לא יהודי,3,11363,318,,באר שבע,2,0.8,2.1,1.6,11.1,14.6,11.6,5.2,5,0.4,0.7,2.9,7.2,5.2,10.9,4.8,0.7,0.4,13.2,1.7,0.892455382
מג'דל שמס,"4,201",24.87,,68.69,56.06,7.42,41.4,3.05,254,32.68,9.92,3.36,-0.98,-0.81,-0.85,-1.53,-1.23,-1.904776977,,לא יהודי,3,11267,1229,13.32209106,גולן,3,0.8,2.7,1.5,10.7,12.9,9.3,4.2,4.8,0.4,1.5,1.8,4.4,4.7,10.8,9.2,0.6,0.3,16.9,2.5,1.39899233
קריית עקרון,469,26.62,1.62,72.46,55.07,15.5,35.7,2.68,134,43.28,17.66,1.63,-0.77,-0.87,-0.22,0.16,0.19,-1.492549453,,יהודי,1,11077,55,,רחובות,14,1.7,2.9,1.8,10.5,10.5,12.2,3.5,8.8,0.7,5.4,6,3.6,5.1,12,4.2,0.3,0.3,9.8,0.6,0.39979351
ירוחם,831,21.62,1.93,65.19,56.33,21.43,39.9,3.1,255,33.73,9.1,3.45,-0.95,-1,-0.29,0.27,-0.52,-1.904776977,0.779227419,יהודי,1,10773,518,3.889353012,באר שבע,2,0.8,2.1,1.6,11.1,14.6,11.6,5.2,5,0.4,0.7,2.9,7.2,5.2,10.9,4.8,0.7,0.4,13.2,1.7,1.691696714
דבורייה,489,26.26,0.53,59.36,51.6,16.21,40,3.35,208,38.94,13.5,2.47,-0.83,-0.68,-0.54,-1.53,-1.52,-1.809845983,,לא יהודי,3,10682,158,,יזרעאל,8,0.6,2.6,1.2,11.2,12.3,9.2,4.5,5.5,0.3,1.6,1.6,3.3,5.3,10.1,11.4,0.4,0.4,16.5,1.9,0.907456162
דייר חנא,492,25.21,2.28,89.33,67.98,15.33,29.4,3.32,200,40.5,12.39,2.61,-0.46,-0.49,-0.58,-1.38,-1.15,-1.838222095,,לא יהודי,3,10486,226,1.668891856,עכו,11,0.9,2.6,1.5,10.2,12.9,8.2,3.9,4.7,0.4,1.5,2.1,3.8,4.6,11.9,9.3,0.8,0.3,18.8,1.7,0.973300644
ג'לג'וליה,627,27.2,3.62,61.71,52.57,10.28,23.6,2.5,238,31.93,10.32,3,1.89,1.54,1.34,1.09,0.8,3.666227795,,לא יהודי,3,10356,37,1.264967169,פתח תקווה,12,1.8,2.4,1.9,10.8,10.6,10.4,4,8.7,1.3,5.6,9.7,4.3,3.7,11.4,4.6,0.4,0.2,7.7,0.5,0.47379485
כפר יאסיף,507,28.42,0.95,71.82,68.51,20.97,33.6,3.08,217,41.01,10.27,3.2,-0.24,-0.06,-0.02,-1.11,-0.72,-1.85731148,,לא יהודי,3,10244,58,16.17532214,עכו,11,0.9,2.6,1.5,10.2,12.9,8.2,3.9,4.7,0.4,1.5,2.1,3.8,4.6,11.9,9.3,0.8,0.3,18.8,1.7,0.782668494
בועיינה-נוג'ידאת,482,23.88,1.11,64.56,45.63,10.68,31.8,2.91,255,37.65,10.6,3.18,-0.97,-0.63,-1.24,-0.98,-1.11,-1.830999085,,לא יהודי,3,9996,216,,יזרעאל,8,0.6,2.6,1.2,11.2,12.3,9.2,4.5,5.5,0.3,1.6,1.6,3.3,5.3,10.1,11.4,0.4,0.4,16.5,1.9,0.871119425
מיתר,"1,268",29.14,,88.24,84.97,63.52,50,4.63,196,37.24,13.49,2.44,2.33,2.25,1.55,1.03,1.63,-1.87227343,,יהודי,1,9980,457,2.414829659,באר שבע,2,0.8,2.1,1.6,11.1,14.6,11.6,5.2,5,0.4,0.7,2.9,7.2,5.2,10.9,4.8,0.7,0.4,13.2,1.7,0.836281507
ביר אל-מכסור,998,23.81,,41.67,33.33,7.88,15.5,1.74,234,36.75,11.74,2.81,-1.2,-1.15,-1.56,-0.71,-1.14,-1.792304386,,לא יהודי,3,9730,243,,עכו,11,0.9,2.6,1.5,10.2,12.9,8.2,3.9,4.7,0.4,1.5,2.1,3.8,4.6,11.9,9.3,0.8,0.3,18.8,1.7,0.969367391
חצור הגלילית,"2,034",19.76,1.43,50.78,38.28,13.11,19.2,2.25,287,34.84,7.96,3.8,-1.02,-0.94,-0.43,0.41,-0.55,-1.903229189,,יהודי,1,9569,431,2.821611454,צפת,13,,3.6,3.1,10.6,13.4,11.2,3.9,4.1,,1.5,0.9,8.6,4.5,8,3.7,,,14.8,6.8,1.303447017
קרני שומרון,"3,640",27.64,0.86,76.32,67.54,38.94,,4.64,246,35.37,8.85,3.5,0.73,0.82,0.76,0.19,0.55,-1.817584923,,יהודי,1,9417,316,1.146862058,יהודה ושומרון,7,0.7,3,2.1,12.8,24.8,15.5,3.6,6.1,1,2.2,5.4,2.9,3.1,7.3,2.7,,0.3,5.9,,1.540373186
אורנית,"3,760",27.74,0.8,83.7,78.52,48.79,,3.45,169,42.6,17.55,1.8,1.11,1.23,0.95,0.97,1.65,0.202278356,,יהודי,1,8965,125,1.104294479,יהודה ושומרון,7,0.7,3,2.1,12.8,24.8,15.5,3.6,6.1,1,2.2,5.4,2.9,3.1,7.3,2.7,,0.3,5.9,,0.481840617
כסרא-סמיע,"1,296",24.48,1.24,93.29,55.7,13.11,18.3,2.47,245,35.51,8.92,3.58,-1.33,-1.17,-1.87,-0.97,-1.41,-1.843381389,,לא יהודי,3,8965,624,,עכו,11,0.9,2.6,1.5,10.2,12.9,8.2,3.9,4.7,0.4,1.5,2.1,3.8,4.6,11.9,9.3,0.8,0.3,18.8,1.7,1.430954569
כוכב יאיר,"1,224",26.49,0.3,93.37,89.16,62.77,55,5.24,115,51.3,17.92,1.73,2.17,2.12,1.44,0.82,1.21,-0.56439261,,יהודי,1,8735,95,1.900400687,פתח תקווה,12,1.8,2.4,1.9,10.8,10.6,10.4,4,8.7,1.3,5.6,9.7,4.3,3.7,11.4,4.6,0.4,0.2,7.7,0.5,0.39645204
עילוט,511,24.22,2.87,62.58,50.32,2.94,16,1.17,197,28.93,11.55,2.82,-1.41,-0.87,-1.86,0.19,-0.45,-1.66848135,,לא יהודי,3,8537,275,22.3614853,יזרעאל,8,0.6,2.6,1.2,11.2,12.3,9.2,4.5,5.5,0.3,1.6,1.6,3.3,5.3,10.1,11.4,0.4,0.4,16.5,1.9,0.872975047
משהד,520,25.73,,65.08,49.21,10.59,35,2.7,226,33.19,10.68,2.91,-1.11,-0.55,-1.14,-0.57,-0.9,-1.807782266,,לא יהודי,3,8486,270,1.673344332,יזרעאל,8,0.6,2.6,1.2,11.2,12.3,9.2,4.5,5.5,0.3,1.6,1.6,3.3,5.3,10.1,11.4,0.4,0.4,16.5,1.9,0.765147497
זרזיר,975,24.53,,59.73,44.97,10.02,23,2.2,188,35.64,12.12,2.74,-1.37,-1.2,-1.33,-1.13,-1.36,-1.699953038,,לא יהודי,3,8275,183,21.36555891,יזרעאל,8,0.6,2.6,1.2,11.2,12.3,9.2,4.5,5.5,0.3,1.6,1.6,3.3,5.3,10.1,11.4,0.4,0.4,16.5,1.9,1.023036156
אלפי מנשה,"3,750",29.09,0.45,81.2,75.21,36.51,,2.56,124,40.32,17.73,1.76,0.56,1.06,0.81,1.07,1.39,-0.203242088,,יהודי,1,7997,183,1.663123671,יהודה ושומרון,7,0.7,3,2.1,12.8,24.8,15.5,3.6,6.1,1,2.2,5.4,2.9,3.1,7.3,2.7,,0.3,5.9,,0.4072075
בסמת טבעון,944,22.94,0.73,63.01,45.89,8.11,29.5,2.05,164,36.59,12.78,2.53,-1.38,-1.44,-1.26,-0.39,-1.25,-1.695825604,,לא יהודי,3,7997,189,4.064024009,יזרעאל,8,0.6,2.6,1.2,11.2,12.3,9.2,4.5,5.5,0.3,1.6,1.6,3.3,5.3,10.1,11.4,0.4,0.4,16.5,1.9,1.663060931
רמת ישי,122,30.32,0.44,79.8,75.76,52.18,,4.76,80,37.5,20.69,1.43,1.27,1.27,0.96,0.89,1.06,-1.693245957,,יהודי,1,7897,93,1.481575282,יזרעאל,8,0.6,2.6,1.2,11.2,12.3,9.2,4.5,5.5,0.3,1.6,1.6,3.3,5.3,10.1,11.4,0.4,0.4,16.5,1.9,0.956543638
ראמה,543,27.24,0.9,75,62.88,20.53,38.7,3.39,216,27.78,8.22,3.88,-0.34,-0.16,-0.06,-0.68,-0.48,-1.816037135,,לא יהודי,3,7792,382,1.167864476,עכו,11,0.9,2.6,1.5,10.2,12.9,8.2,3.9,4.7,0.4,1.5,2.1,3.8,4.6,11.9,9.3,0.8,0.3,18.8,1.7,1.634801554
אבו גוש,472,22.58,4.93,59.29,37.17,13.03,,3.74,183,33.33,9.91,3.06,-1.22,-1.05,-1,-1.64,-1.72,-1.381624649,,לא יהודי,3,7771,686,2.77956505,ירושלים,9,1.6,3.7,2.3,12.4,18.4,11.4,4.3,6.3,1.1,1.9,4.2,5.7,4.1,10.6,5.3,0.4,0.3,5.4,0.2,1.087588248
עומר,666,28.66,0.83,86.89,83.61,59.72,,4.06,135,42.22,14.23,2.31,2.51,4.04,1.83,2.14,1.95,-1.809330054,,יהודי,1,7570,331,13.09114927,באר שבע,2,0.8,2.1,1.6,11.1,14.6,11.6,5.2,5,0.4,0.7,2.9,7.2,5.2,10.9,4.8,0.7,0.4,13.2,1.7,0.772873284
קצרין,"4,100",23.58,2.01,66.67,54.05,17.46,,3.36,169,37.87,10.17,3.1,-0.15,-0.02,0.2,0.96,0.68,-1.904776977,,יהודי,1,7500,331,2.733333333,גולן,3,0.8,2.7,1.5,10.7,12.9,9.3,4.2,4.8,0.4,1.5,1.8,4.4,4.7,10.8,9.2,0.6,0.3,16.9,2.5,1.539359875
קריית ארבע,"3,611",20.85,2.11,68.33,55,26.43,35.7,4.5,365,39.18,5.69,4.96,0.33,-0.17,0.45,0.21,-0.16,-1.904776977,,יהודי,1,7338,913,,יהודה ושומרון,7,0.7,3,2.1,12.8,24.8,15.5,3.6,6.1,1,2.2,5.4,2.9,3.1,7.3,2.7,,0.3,5.9,,0.81803157
בית דגן,466,29,0.7,85.84,79.65,26.05,42.5,3.13,51,37.25,33.28,0.9,0.08,-0.12,0.15,0.91,2.29,3.343771971,,יהודי,1,7299,34,1.06863954,רמלה,15,1.6,2.7,1.8,10.4,9.5,14.1,4.6,7.4,0.7,4.5,6.9,3.2,7.4,11,3.7,,,10,,0.355132009
זמר,"1,290",24.76,1.56,57.86,52.14,12.73,33.6,2.7,139,41.73,12.79,2.62,-0.94,-0.91,-0.78,-0.91,-0.69,-1.856795551,,לא יהודי,3,7252,86,2.564809708,השרון,4,2.2,2.4,1.6,11.2,10.3,10.4,4.6,8.1,1.7,2.8,6.4,4.4,3.8,14.6,5.5,0.4,0.2,7.6,1.9,0.206737558
שעב,538,23.58,2.82,51.24,36.36,9.96,,2.9,159,34.59,11.48,2.99,-0.89,-0.75,-1.47,-1.41,-1.41,-1.821712357,,לא יהודי,3,7228,52,2.684006641,עכו,11,0.9,2.6,1.5,10.2,12.9,8.2,3.9,4.7,0.4,1.5,2.1,3.8,4.6,11.9,9.3,0.8,0.3,18.8,1.7,0.92132823
"בני עי""ש","1,066",26.43,1.75,66.28,51.16,12.23,,2.25,,,,,0.47,-0.49,0.29,-0.32,-0.32,-1.635977803,,יהודי,1,6925,75,,רחובות,14,1.7,2.9,1.8,10.5,10.5,12.2,3.5,8.8,0.7,5.4,6,3.6,5.1,12,4.2,0.3,0.3,9.8,0.6,0.451657723
יאנוח-ג'ת,"1,295",23.43,2.27,82.76,60.34,16.21,35.4,2.82,161,47.83,10.13,3.35,-0.61,-1.21,-0.77,-1.52,-0.99,-1.840285813,,לא יהודי,3,6775,466,,עכו,11,0.9,2.6,1.5,10.2,12.9,8.2,3.9,4.7,0.4,1.5,2.1,3.8,4.6,11.9,9.3,0.8,0.3,18.8,1.7,1.339588526
שלומי,812,27.6,,66,54,16.21,,2.11,114,36.84,12.91,2.51,-0.53,-0.69,0.09,0.52,0.27,-1.869693784,,יהודי,1,6754,72,1.214095351,עכו,11,0.9,2.6,1.5,10.2,12.9,8.2,3.9,4.7,0.4,1.5,2.1,3.8,4.6,11.9,9.3,0.8,0.3,18.8,1.7,0.990229167
להבים,"1,271",28.79,0.55,87.5,82.81,70.26,58.3,6.35,,,,,1.75,2.35,1.69,0.43,1.24,-1.78920881,,יהודי,1,6694,296,5.781296684,באר שבע,2,0.8,2.1,1.6,11.1,14.6,11.6,5.2,5,0.4,0.7,2.9,7.2,5.2,10.9,4.8,0.7,0.4,13.2,1.7,0.794109205
בוקעאתא,"4,001",23.43,,84.75,66.95,6.18,,2.62,151,44.37,9.99,3.38,-0.88,-0.84,-1.38,-2.76,-1.52,-1.904261048,,לא יהודי,3,6665,1096,,גולן,3,0.8,2.7,1.5,10.7,12.9,9.3,4.2,4.8,0.4,1.5,1.8,4.4,4.7,10.8,9.2,0.6,0.3,16.9,2.5,0.990693937
פרדסייה,171,27.89,0.95,90.8,78.16,48.06,48.2,4.3,,,,,0.01,-0.15,0.65,0.46,0.86,-1.213947621,,יהודי,1,6641,52,,השרון,4,2.2,2.4,1.6,11.2,10.3,10.4,4.6,8.1,1.7,2.8,6.4,4.4,3.8,14.6,5.5,0.4,0.2,7.6,1.9,0.376816834
ג'ולס,485,24,0.78,71.3,62.96,19.55,,3.97,127,46.46,10.75,2.92,1.98,2.18,1.25,0.67,0.68,-1.836158378,,לא יהודי,3,6567,111,,עכו,11,0.9,2.6,1.5,10.2,12.9,8.2,3.9,4.7,0.4,1.5,2.1,3.8,4.6,11.9,9.3,0.8,0.3,18.8,1.7,0.828020106
חורפיש,496,24.11,,91.15,81.42,22.69,44.5,4.37,158,34.18,9.62,3.36,-0.42,-0.36,-0.44,-1.15,-1.06,-1.852152187,,לא יהודי,3,6490,677,1.402157165,עכו,11,0.9,2.6,1.5,10.2,12.9,8.2,3.9,4.7,0.4,1.5,2.1,3.8,4.6,11.9,9.3,0.8,0.3,18.8,1.7,1.481923604
קריית יערים,"1,137",24.88,1.69,24.07,18.52,15.67,,2.13,87,18.39,13.98,1.5,-0.4,0.7,0.52,-0.92,-0.47,-1.380076861,,יהודי,1,6238,710,,ירושלים,9,1.6,3.7,2.3,12.4,18.4,11.4,4.3,6.3,1.1,1.9,4.2,5.7,4.1,10.6,5.3,0.4,0.3,5.4,0.2,1.122629338
שבלי - אום אל-גנם,913,24.93,6.19,56.25,45.83,11.03,,2.26,159,43.4,12.46,2.55,-1.22,-1.36,-1.13,-1.12,-1.22,-1.80417076,,לא יהודי,3,6151,179,,יזרעאל,8,0.6,2.6,1.2,11.2,12.3,9.2,4.5,5.5,0.3,1.6,1.6,3.3,5.3,10.1,11.4,0.4,0.4,16.5,1.9,1.302010047
פקיעין (בוקייעה),536,25.85,0.55,92.71,88.54,20.12,43.1,3.62,106,28.3,11.16,2.84,0.17,-0.1,-0.33,-0.72,-0.43,-1.852668116,,לא יהודי,3,5975,618,,עכו,11,0.9,2.6,1.5,10.2,12.9,8.2,3.9,4.7,0.4,1.5,2.1,3.8,4.6,11.9,9.3,0.8,0.3,18.8,1.7,1.536112996
עיילבון,530,29.22,1.56,55.34,47.57,21.47,,3.54,98,37.76,13.22,2.6,0.22,0.23,-0.32,-1,-0.47,-1.844413247,,לא יהודי,3,5787,173,1.434249179,כנרת,10,1,3.4,,11.9,14.3,14.3,5.5,3,,1.6,1.3,7.7,4.2,11.7,5.6,,,10.2,2.5,1.12429759
בית אל,"3,574",27.5,0.82,89.76,79.53,47.92,39.3,6.44,320,50.31,6.71,4.49,1.17,0.76,0.96,0.02,-0.28,-1.886203522,,יהודי,1,5684,853,22.67769177,יהודה ושומרון,7,0.7,3,2.1,12.8,24.8,15.5,3.6,6.1,1,2.2,5.4,2.9,3.1,7.3,2.7,,0.3,5.9,,0.606658716
כעביה-טבאש-חג'אג'רה,978,26.27,0.4,66.67,45.19,12.83,,2.61,135,43.7,12.06,2.72,-0.78,-1.29,-1.22,0.67,-1.13,-1.695309674,,לא יהודי,3,5624,164,,יזרעאל,8,0.6,2.6,1.2,11.2,12.3,9.2,4.5,5.5,0.3,1.6,1.6,3.3,5.3,10.1,11.4,0.4,0.4,16.5,1.9,1.92671124
כפר ורדים,"1,263",28.23,,82.46,80.7,55.31,,4.45,165,48.48,7.52,4.2,2.17,1.92,1.53,0.84,1.86,-1.841833601,,יהודי,1,5492,533,4.096868172,עכו,11,0.9,2.6,1.5,10.2,12.9,8.2,3.9,4.7,0.4,1.5,2.1,3.8,4.6,11.9,9.3,0.8,0.3,18.8,1.7,1.225424683
מצפה רמון,99,18.38,2.22,87.93,75.86,22.75,30.9,3.28,159,27.04,7.64,3.66,-0.72,-0.74,0.22,0.32,-0.43,-1.769087567,,יהודי,1,5185,712,4.12729026,באר שבע,2,0.8,2.1,1.6,11.1,14.6,11.6,5.2,5,0.4,0.7,2.9,7.2,5.2,10.9,4.8,0.7,0.4,13.2,1.7,1.955155804
קדומים,"3,557",24.13,1.56,84.78,77.17,54.37,,4.17,216,47.69,6.94,4.15,0.78,1.38,0.85,0.39,-0.09,-1.904776977,,יהודי,1,4586,417,1.439162669,יהודה ושומרון,7,0.7,3,2.1,12.8,24.8,15.5,3.6,6.1,1,2.2,5.4,2.9,3.1,7.3,2.7,,0.3,5.9,,0.303940737
כפר תבור,47,25.71,,86.84,80.26,52.48,,4.53,,,,,1.34,1.49,1.09,1.35,1.96,-1.827903509,,יהודי,1,4400,102,0.863636364,כנרת,10,1,3.4,,11.9,14.3,14.3,5.5,3,,1.6,1.3,7.7,4.2,11.7,5.6,,,10.2,2.5,0.788040354
סאג'ור,525,25.13,0.65,78.48,67.09,16.12,,3.68,89,42.7,11.88,2.67,-0.66,-0.75,-0.75,-1,-1.29,-1.809845983,,לא יהודי,3,4358,342,1.353832033,עכו,11,0.9,2.6,1.5,10.2,12.9,8.2,3.9,4.7,0.4,1.5,2.1,3.8,4.6,11.9,9.3,0.8,0.3,18.8,1.7,1.543362963
יבנאל,46,17.34,9.53,54.93,36.62,15.85,,1.85,109,16.51,11.59,3.23,-0.54,-0.71,-0.03,0.89,0.36,-1.845445106,,יהודי,1,4332,14,3.070175439,כנרת,10,1,3.4,,11.9,14.3,14.3,5.5,3,,1.6,1.3,7.7,4.2,11.7,5.6,,,10.2,2.5,0.941266297
עמנואל,"3,660",15.17,3.49,43.28,20.9,6.68,,0.79,103,23.3,10.92,2.31,-0.9,-0.81,-0.05,-0.73,-0.28,-1.900133613,,יהודי,1,4129,363,2.567207556,יהודה ושומרון,7,0.7,3,2.1,12.8,24.8,15.5,3.6,6.1,1,2.2,5.4,2.9,3.1,7.3,2.7,,0.3,5.9,,0.694954704
הר אדר,"3,769",27.11,,90.48,88.1,55.7,,4.97,,,,,2.05,2.74,1.65,1.65,1.9,-1.904776977,,יהודי,1,4084,826,2.693437806,יהודה ושומרון,7,0.7,3,2.1,12.8,24.8,15.5,3.6,6.1,1,2.2,5.4,2.9,3.1,7.3,2.7,,0.3,5.9,,0.88337519
מזרעה,517,25.58,,60.38,49.06,10.2,,1.97,57,26.32,14.17,2.17,-1.23,-1.08,-1.16,-0.84,-1.21,-1.884655734,,לא יהודי,3,3998,14,4.052026013,עכו,11,0.9,2.6,1.5,10.2,12.9,8.2,3.9,4.7,0.4,1.5,2.1,3.8,4.6,11.9,9.3,0.8,0.3,18.8,1.7,1.077344898
אלקנה,"3,560",26.6,0,96.83,92.06,68.87,,6.72,152,48.03,5.96,5.11,2.6,3.52,1.46,0.73,1.08,-0.97300863,,יהודי,1,3911,228,1.099463053,יהודה ושומרון,7,0.7,3,2.1,12.8,24.8,15.5,3.6,6.1,1,2.2,5.4,2.9,3.1,7.3,2.7,,0.3,5.9,,0.59248446
כפר ברא,633,29.33,2.54,65.79,44.74,15.39,,3.4,111,32.43,8.84,3.27,-0.41,-0.21,-0.55,-1.48,-1.42,1.535955642,,לא יהודי,3,3754,108,2.876931273,פתח תקווה,12,1.8,2.4,1.9,10.8,10.6,10.4,4,8.7,1.3,5.6,9.7,4.3,3.7,11.4,4.6,0.4,0.2,7.7,0.5,0.513705717
מסעדה,"4,203",26.44,,87.72,70.18,5.42,,2.73,124,39.52,7.69,4.28,-1.09,-0.94,-1.23,-2.8,-1.7,-1.904776977,,לא יהודי,3,3753,1035,10.71143086,גולן,3,0.8,2.7,1.5,10.7,12.9,9.3,4.2,4.8,0.4,1.5,1.8,4.4,4.7,10.8,9.2,0.6,0.3,16.9,2.5,1.224011088
כאוכב אבו אל-היג'א,505,28.2,0.89,92.31,70.77,20.99,,4.01,96,38.54,9.97,3.34,-0.64,-0.23,-0.72,-1.56,-1.53,-1.904776977,,לא יהודי,3,3668,368,,עכו,11,0.9,2.6,1.5,10.2,12.9,8.2,3.9,4.7,0.4,1.5,2.1,3.8,4.6,11.9,9.3,0.8,0.3,18.8,1.7,1.233524472
אליכין,41,21.5,0.84,60.78,50.98,26.27,,2.84,,,,,-0.14,-0.31,0.18,0.95,1.09,-1.575614073,0.887161818,יהודי,1,3484,31,2.898966705,השרון,4,2.2,2.4,1.6,11.2,10.3,10.4,4.6,8.1,1.7,2.8,6.4,4.4,3.8,14.6,5.5,0.4,0.2,7.6,1.9,0.510647769
כפר כמא,508,21.83,,53.57,53.57,23.19,,4.81,,,,,-0.46,-1.31,-0.28,-0.73,-0.81,-1.837706166,,לא יהודי,3,3426,209,0.642148278,כנרת,10,1,3.4,,11.9,14.3,14.3,5.5,3,,1.6,1.3,7.7,4.2,11.7,5.6,,,10.2,2.5,0.790153158
מעיליא,518,23.83,,75.44,75.44,31.46,,3.97,76,44.74,10.2,3.31,0.28,0.8,0.59,-0.37,-0.03,-1.848540682,,לא יהודי,3,3270,502,3.79204893,עכו,11,0.9,2.6,1.5,10.2,12.9,8.2,3.9,4.7,0.4,1.5,2.1,3.8,4.6,11.9,9.3,0.8,0.3,18.8,1.7,1.748034116
ראש פינה,26,29.43,1.82,72.73,68.18,38.35,,4.28,,,,,0.25,0.67,0.64,1.63,1.38,-1.903229189,,יהודי,1,3217,308,9.729561703,צפת,13,,3.6,3.1,10.6,13.4,11.2,3.9,4.1,,1.5,0.9,8.6,4.5,8,3.7,,,14.8,6.8,1.380559935
פסוטה,535,25.8,,74.19,72.58,23.54,,4.56,,,,,-0.47,-0.88,-0.48,-0.83,-0.23,-1.904776977,,לא יהודי,3,3180,566,1.352201258,עכו,11,0.9,2.6,1.5,10.2,12.9,8.2,3.9,4.7,0.4,1.5,2.1,3.8,4.6,11.9,9.3,0.8,0.3,18.8,1.7,1.252407274
ג'ש (גוש חלב),487,24.42,0,68.29,63.41,25.58,,4.4,56,37.5,14.48,2.33,0.42,0.28,0.47,0.4,0.57,-1.904776977,,לא יהודי,3,3127,744,,צפת,13,,3.6,3.1,10.6,13.4,11.2,3.9,4.1,,1.5,0.9,8.6,4.5,8,3.7,,,14.8,6.8,1.488458464
