﻿נ פ ה,ס מ ל נפה
ירושלים,11
צפת,21
כנרת,22
יזרעאל,23
עכו,24
יזרעאל,25
גולן,29
חיפה,31
חדרה,32
השרון,41
פתח תקווה,42
רמלה,43
רחובות,44
תל אביב,51
תל אביב,52
תל אביב,53
אשקלון,61
באר שבע,62
יהודה ושומרון,71
יהודה ושומרון,72
יהודה ושומרון,73
יהודה ושומרון,74
יהודה ושומרון,75
יהודה ושומרון,76
יהודה ושומרון,77
,
,
,
,
