,nature_rate
אבו ג'ווייעד (שבט),0.9397875283898833
אבו גוש,1.0875882481836978
אבו סנאן,0.8006884973638562
אבו סריחאן (שבט),0.7763059992212464
אבו עבדון (שבט),0.7508046616659738
אבו עמאר (שבט),0.871718388867232
אבו עמרה (שבט),0.8544164238961629
אבו קורינאת (יישוב),0.9980795799838234
אבו קורינאת (שבט),1.0301216754736964
אבו רובייעה (שבט),0.9537966768614162
אבו רוקייק (שבט),0.8741975379227213
אבו תלול,0.8805515503997452
אבטין,1.4519790760376157
אבטליון,0.8560524913487113
אביאל,0.7741429891149857
אביבים,1.2716853367394245
אביגדור,0.5268080557924807
אביחיל,0.7554890650621368
אביטל,0.4231896558467679
אביעזר,0.9850877634038788
אבירים,1.6376466686530304
אבן יהודה,0.5550530098789023
אבן מנחם,1.1217987589709104
אבן ספיר,1.260583946655337
אבן שמואל,0.7241463041256486
אבני איתן,1.1275301809504212
אבני חפץ,0.20410540506139127
אבנת,0.6754154357863507
אבשלום,0.9214465062453047
אדורה,1.582034968563578
אדירים,0.3628282502019838
אדמית,1.8586112092442664
אדרת,0.8575064821918645
אודים,1.0785497104084856
אודם,2.488590744998559
אוהד,0.9136524239040342
אום אל-פחם,0.5433044789718516
אום אל-קוטוף,0.4063071149496266
אום בטין,0.7466401218059613
אומן,0.3726197862082365
אומץ,0.31595817114547803
אופקים,0.8175305323893105
אור הגנוז,1.5672356615861471
אור הנר,0.8546696975013851
אור יהודה,0.36973924744136455
אור עקיבא,0.6929596996208276
אורה,1.2048118041186677
אורון,2.0418695005521483
אורות,0.5306130362208566
אורטל,1.0169648682705292
אורים,1.2544104079903418
אורנים,1.3036393802379593
אורנית,0.4818406167450106
אושה,0.8826431037583317
אזור,0.35815185799614807
"אזור אילון מ""א 4",1.6642027474560037
"אזור אילון מ""א 52",1.925304938682592
"אזור אילון של""ש",1.6712014062828506
"אזור אשדוד מ""א 29",0.6934851410254294
"אזור אשדוד מ""א 33",2.022562836400466
"אזור אשדוד של""ש",0.7119929018705138
"אזור אשקלון מ""א 36",0.6112218184559006
"אזור אשקלון מ""א 37",0.5546105729840499
"אזור באר שבע מ""א 41",0.7247014104747205
"אזור באר שבע מ""א 51",1.7128145099344565
"אזור באר שבע של""ש",0.886380534729946
"אזור בשור מ""א 38",0.9676440258189923
"אזור בשור מ""א 39",1.218339067672031
"אזור בשור מ""א 42",1.0436144139355392
"אזור גרר מ""א 39",0.9329504791912471
"אזור גרר מ""א 41",0.6591219467476414
"אזור גרר מ""א 42",0.5916048646375648
"אזור זכרון יעקב מ""א 15",1.7146658036358453
"אזור זכרון יעקב של""ש",2.6849574067594553
"אזור חדרה מ""א 14",0.3777483613551838
"אזור חדרה מ""א 15",0.8606826483972763
"אזור חדרה מ""א 45",0.8818259222954647
"אזור חדרה של""ש",0.23516706917033672
"אזור חולון של""ש",0.3580702821444578
"אזור חיפה מ""א 12",1.1314420543752115
"אזור חיפה של""ש",1.3464350435408348
"אזור חצור מ""א 1",1.7495900070328207
"אזור חצור מ""א 55",1.3462533649928334
"אזור חצור של""ש",1.2379395889191103
"אזור יחיעם מ""א 2",1.6292617151755073
"אזור יחיעם מ""א 4",0.9694620175295462
"אזור יחיעם מ""א 52",1.3996262106381694
"אזור יחיעם מ""א 56",2.554556382315837
"אזור יחיעם של""ש",1.695740510516808
"אזור ים המלח מ""א 51",2.2830564769155828
"אזור יקנעם מ""א 13",0.8349790533462006
"אזור יקנעם מ""א 9",1.2393274927201832
"אזור כינרות מ""א 3",1.3010765850524912
"אזור כנרות מ""א 1",1.3762164096632201
"אזור כנרות מ""א 6",2.019838317977418
"אזור כרמיאל מ""א 2",1.514869783984762
"אזור כרמיאל מ""א 56",1.2846518870295816
"אזור כרמיאל של""ש",1.5598272430504119
"אזור לכיש מ""א 34",0.6513449107904802
"אזור לכיש מ""א 35",0.943448712742686
"אזור לכיש מ""א 41",1.2115754226668891
"אזור לכיש מ""א 50",1.4504635809625817
"אזור מודיעין מ""א 25",0.8847178759709645
"אזור מודיעין מ""א 30",0.2541362541895351
"אזור מודיעין של""ש",0.635744836624195
"אזור מלאכי מ""א 33",0.49225732014152357
"אזור מלאכי מ""א 34",0.5352144206323016
"אזור מלאכי מ""א 35",0.885690158371255
"אזור מלאכי מ""א 50",0.5640517747292504
"אזור נהרייה מ""א 4",0.9006719694043741
"אזור נהרייה של""ש",0.7988838076564462
"אזור עכו מ""א 4",0.7238965291141312
"אזור עכו מ""א 56",0.7312855831885761
"אזור עכו של""ש",0.75560081703765
"אזור פתח תקווה מ""א 20",0.7457864101584036
"אזור פתח תקווה מ""א 25",1.9773254324759406
"אזור פתח תקווה של""ש",0.5436260436719048
"אזור ראשל""צ מ""א 27",2.091183229153824
"אזור ראשל""צ של""ש",1.2880977917858156
"אזור רחובות מ""א 28",0.4643181161428993
"אזור רחובות מ""א 29",1.3144815921566242
"אזור רחובות מ""א 30",0.40182882010751186
"אזור רחובות מ""א 31",0.42823781881370787
"אזור רחובות מ""א 32",0.5304093019704117
"אזור רחובות של""ש",0.8638778878740594
"אזור רמלה מ""א 30",0.4502320241470318
"אזור רמלה מ""א 40",0.3600536178895118
"אזור רמלה של""ש",0.3711853027526363
"אזור רמת גן של""ש",0.38333865945662055
"אזור שפרעם מ""א 56",1.2304377632889927
"אזור שפרעם מ""א 9",0.9514159230336334
"אזור שפרעם של""ש",0.7446737512860662
אזור תעסוקה משגב(תרדיון),1.0853938164258339
"אזור תעשיה אכסאל מ""א 9",0.5219048753133837
אזור תעשייה אכזיב (מילואות),1.4070610346541172
אזור תעשייה נעמן (מילואות),0.9147497712811422
אחווה,0.4842925877084221
אחוזם,0.8311822075224411
אחוזת ברק,0.4959875505441809
אחיהוד,0.7420119878602702
אחיטוב,0.2822066160727836
אחיסמך,0.414509764967048
אחיעזר,0.3715101317613296
אטרש (שבט),0.7815241702108685
איבים,0.601356928348617
אייל,0.3494273101474715
איילת השחר,1.418663726787783
אילון,1.68165288966445
אילון תבור*,0.5651994915519596
אילות,1.2864938786853672
אילנייה,0.7196459492854924
אילת,1.3709214511098133
אירוס,1.149620306286662
איתמר,0.5678405326153959
איתן,0.6998418913279607
איתנים,1.359881053139319
אכסאל,0.5532087857029598
אל -עזי,0.5675142496328509
אל -עריאן,0.7931054893060038
אל -רום,1.0279192454918125
אל סייד,0.7600058507840171
אלומה,0.539968597158878
אלומות,1.2152042976183506
אלון הגליל,1.384679330587551
אלון מורה,1.52386834800806
אלון שבות,0.8790065049894964
אלוני אבא,2.5641425917285225
אלוני הבשן,1.6813101553610528
אלוני יצחק,1.0320968427376698
אלונים,1.251706541910456
אלי-עד,0.914737749141382
אליאב,1.2685122141179808
אליכין,0.5106477694682506
אליפז,1.8252461754163385
אליפלט,1.4579930602311562
אליקים,1.2548488303812186
אלישיב,0.5439959050490405
אלישמע,0.5484213526782636
אלמגור,1.8246249527263272
אלמוג,1.7549326645905738
אלעד,0.9449532734000267
אלעזר,0.8272893829156848
אלפי מנשה,0.40720750042327636
אלקוש,1.3827159636135935
אלקנה,0.5924844596890779
אמונים,0.8969564396404022
אמירים,1.7547763443293938
אמנון,1.3502510176624776
אמציה,1.7275054573073008
אניעם,2.738435585536866
אסד (שבט),0.77239425021392
אספר,1.3996494238508208
אעבלין,0.739653730615904
אעצם (שבט),0.9719504490223303
אפיניש (שבט),1.0073238571380847
אפיק,1.100649850182805
אפיקים,1.0980324554246954
אפק,0.8447946695011007
אפרת,0.7808040540921345
ארבל,1.9994509732817336
ארגמן,0.9550093945231892
ארז,0.7318365257066674
אריאל,0.336859114296932
ארסוף,1.2691554334321669
אשבול,0.5976144602434919
אשבל,1.217166429894112
אשדוד,0.915796367426699
אשדות יעקב (איחוד),0.8904685927476373
אשדות יעקב (מאוחד),0.8865489206623922
אשחר,1.7763267656364505
אשכולות,0.9081674329712746
אשל הנשיא,0.6779333790094428
אשלים,1.5240308084076126
אשקלון,0.9416404014731141
אשרת,0.8027094183905792
אשתאול,1.1527818548223516
באקה אל-גרביה,0.26793700185859587
באר אורה,1.744444118851296
באר גנים,1.3648037433815003
באר טוביה,0.5624237449876263
באר יעקב,0.38030178967962686
באר מילכה,1.5991399447771002
באר שבע,0.7955347460715336
בארות יצחק,0.5112461383574407
בארותיים,0.23594729380697932
בארי,0.9677821822199566
בוסתן הגליל,1.2151834950027414
בועיינה-נוג'ידאת,0.8711194252189695
בוקעאתא,0.9906939365795382
בורגתה,0.26112291148612937
בחן,0.2176684607648599
בטחה,0.7208135676267576
"בי""ס אזורי מקיף (אשר)",0.8509137138291352
ביצרון,0.5093578501661701
ביר אל-מכסור,0.9693673912784224
ביר הדאג',1.5777587905125874
בירייה,1.3829450576188065
בית אורן,2.170259018151747
בית אל,0.6066587160272188
בית אלעזרי,0.4355555238224631
בית אלפא,1.1685660736492476
בית אריה-עופרים,1.2252188534889845
בית ברל,0.4138081522408627
בית ג'ן,2.542168547818345
בית גוברין,1.3070055875279676
בית גמליאל,0.4766766966775581
בית דגן,0.3551320093546036
בית הגדי,0.564044865396102
בית הלוי,0.3376835127010091
בית הלל,0.7587794807382402
בית העמק,0.8123023809602524
בית הערבה,0.9222352059720409
בית השיטה,0.7607074332194362
בית זיד,1.3051845773271884
בית זית,1.02457475828106
בית זרע,1.0691177677505335
בית חולים פוריה,0.7539479397729232
בית חורון,0.5959922228189698
בית חירות,0.9866625054764792
בית חלקיה,0.4366388649064864
בית חנן,0.9570201486129102
בית חנניה,0.7835022952248678
בית חשמונאי,0.5298760967536918
בית יהושע,0.8563624454042195
בית יוסף,1.0071904109983765
בית ינאי,1.0921139303727814
בית יצחק-שער חפר,0.4261257673055493
בית לחם הגלילית,1.2708008150008576
בית מאיר,2.9436836315297
בית נחמיה,0.850372740434972
בית ניר,0.7896672475152482
בית נקופה,1.1614956566683992
בית עובד,0.7646726606249145
בית עוזיאל,0.6653667055917314
בית עזרא,1.157010141235876
בית עריף,0.6743167149433367
בית צבי,1.481597364186414
בית קמה,0.8666264726929407
בית קשת,0.6941948799891239
בית רבן,0.5105839312116809
בית רימון,1.0262275492611257
בית שאן,1.0273365395244494
בית שמש,0.9558979915223016
בית שערים,0.8533830322655708
בית שקמה,0.6957861896273893
ביתן אהרן,0.7912730502110022
ביתר עילית,1.0047111782062188
בלפוריה,0.4741844877817742
בן זכאי,0.5471074175494117
בן עמי,0.9130362969642115
בן שמן (כפר נוער),0.49699013281342574
בן שמן (מושב),0.46452376850003785
בני ברק,0.46460650656321445
בני דקלים,1.406328048248011
בני דרום,0.6547877361736236
בני דרור,0.48906972660791653
בני יהודה,1.2063983076191
בני נצרים,1.1886334025285887
בני עטרות,0.5184950607440602
"בני עי""ש",0.45165772333285575
בני ציון,0.7430595544711883
בני ראם,0.4465202847180937
בניה,0.4752342223228578
בנימינה-גבעת עדה*,0.6968054579858342
"בסמ""ה",0.9535956174054765
בסמת טבעון,1.6630609306454107
בענה,1.3957609175298182
בצרה,0.6152302293167607
בצת,0.9634725067589476
בקוע,0.5907483668799157
בקעות,0.9430640129413826
"בקעת נטופה מ""א 56",1.3561698043875319
"בקעת תירען מ""א 3",1.6418767323361487
בר-לב,0.7972170356881965
בר גיורא,1.5797109742172908
בר יוחאי,1.6161458065336693
ברוכין,0.7042898148682668
ברור חיל,0.6830519999609794
ברוש,0.6841781958780859
ברכה,0.44277403011217664
ברכיה,0.7709210527894127
ברעם,1.2537615240670532
ברק,0.3557611295664411
ברקאי,0.45015909105325813
ברקן,0.6415008358149643
ברקת,0.779838116966613
בת הדר,0.7499238079003199
בת חן,0.8655249574635353
בת חפר,0.2106831296045969
בת ים,0.4441395731922491
בת עין,0.8632131432014357
בת שלמה,1.3079598620515576
בתי זיקוק - קישון,0.9380487798258484
ג'דיידה-מכר,0.7475514809872876
ג'ולס,0.8280201056775228
ג'לג'וליה,0.4737948502432267
ג'נאביב (שבט),0.9439028856763331
ג'סר א-זרקא,1.0874230408683407
ג'ש (גוש חלב),1.488458463706112
ג'ת,0.23883178538436453
גאולי תימן,0.7803668842436171
גאולים,0.29957393310091246
גאליה,0.5771066375917865
גבולות,1.0528295683120399
גבים,0.5163986701279967
גבע,0.6091506386436223
גבע בנימין,0.7211517368187432
גבע כרמל,1.3075172609096901
גבעולים,0.7466540697987527
גבעון החדשה,0.7019157041554809
גבעות בר,0.6665960479760717
גבעת אבני,0.8746407153904501
גבעת אלה,0.9848005914278247
גבעת ברנר,0.41948992745477715
גבעת השלושה,1.1236556094787034
גבעת זאב,0.676550815423918
"גבעת ח""ן",0.5765289101650753
גבעת חביבה,0.3764562465999268
גבעת חיים (איחוד),0.44224977938787485
גבעת חיים (מאוחד),0.4292727153822909
גבעת יואב,1.4011801608489458
גבעת יערים,1.2380681938560951
גבעת ישעיהו,0.965885918347465
"גבעת כ""ח",0.6597647346224279
"גבעת ניל""י",1.033736887317158
גבעת עוז,0.4374231526750547
גבעת שמואל,0.46008300405308805
גבעת שמש,0.6474757655615867
גבעת שפירא,0.8012516002135933
גבעתי,0.8480054101847156
גבעתיים,0.3948735635695925
גברעם,0.9777499094018465
גבת,0.6557790055435311
גדות,1.145491701174323
גדיש,0.36729423309234666
גדעונה,1.1762026224426876
גדרה,0.4324259658807975
"גולן דרומי מ""א 71",1.8581475712978013
"גולן צפוני מ""א 71",1.2789889519064346
"גולן תיכון מ""א 71",2.9840346322707902
גונן,1.1769508777824038
גורן,1.5786600223234921
גורנות הגליל,1.6638127162558234
גזית,0.9271913927968388
גזר,0.6987093974948048
גיאה,0.7040254058146873
גיבתון,0.44039000681771473
גיזו,0.5764442645909992
גילון,0.978462128684635
גילת,0.7136438639312807
גינוסר,1.2202854503716547
גיניגר,0.5312957941412939
גינתון,0.4539241915664778
גיתה,1.747107676926136
גיתית,0.9288292302742822
גלאון,0.768424639955777
גלגל,0.8764006143953861
גליל ים,0.6463783437279819
"גליל עליון מז מ""א 1",2.545154401837358
"גליל עליון מז מ""א 2",1.5105232933984294
"גליל עליון מז מ""א 55",1.6397095508521655
"גליל עליון מז של""ש",1.8761370239324915
"גליל תחתון מז מ""א 2",1.7888996799722383
"גליל תחתון מז מ""א 3",0.9567143493551791
"גליל תחתון מז מ""א 6",1.723938655684481
"גליל תחתון מז של""ש",1.3798918649626697
גלעד (אבן יצחק),1.3398136557945521
גמזו,0.4796786050274305
גן הדרום,0.5982019863119294
גן השומרון,0.3927960484719748
גן חיים,0.468536519111662
גן יאשיה,0.3047381894081734
גן יבנה,0.5852221511350557
גן נר,0.6349606250192269
גן שורק,0.8220689479272396
גן שלמה,0.4302274483167909
גן שמואל,0.4573947015350516
גנות,0.35274158442714604
גנות הדר,0.3945291654912623
גני הדר,0.43886708265309093
גני טל,0.4303727836785811
גני יוחנן,0.4079259890643158
גני מודיעין,0.5827500704520314
גני עם,0.6438133507422864
גני תקווה,0.4485726468475886
געש,1.3940288275252346
געתון,1.3426461570849526
גפן,0.5583669947167476
גרופית,1.6693304038259027
גשור,0.9029756737157238
גשר,1.411098238774128
גשר הזיו,1.1004504632939882
גת (קיבוץ),0.641178096030117
גת רימון,0.48750640073732265
דאלית אל-כרמל,2.6540925943735623
דבורה,0.3606364735810988
דבורייה,0.9074561623497476
דבירה,0.9597535492587743
דברת,0.5253705539656052
דגניה א',0.9038930535104659
דגניה ב',0.9005603192183484
"דוב""ב",1.6722823668805293
דולב,0.8321610349303742
דור,1.0997829348818489
דורות,0.649602718822764
דחי,0.5510966465868867
דייר אל-אסד,1.3422013724476864
דייר חנא,0.9733006437117265
דייר ראפאת,0.6261057578439706
דימונה,1.371889613668545
דישון,1.6823332065588028
דלייה,1.3279185848052493
דלתון,1.5426060818131355
דמיידה,0.9078476447972961
דן,1.487724153410903
דפנה,1.3529532536583013
דקל,1.0124619736744926
"דרום השרון מ""א 20",0.5497448003533011
"דרום השרון של""ש",0.5548168668103248
דריג'את,1.1185103811958723
האון,1.0278285935959999
הבונים,2.9763138265952644
הגושרים,1.1892843481668511
הדר עם,0.4247663177749632
הוד השרון,0.6484683852685377
הודיות,0.9470673889458017
הודייה,0.7497039859513762
הוואשלה (שבט),1.1284351135373456
הוזייל (שבט),0.6978388712451442
הושעיה,1.2561315339609378
הזורע,0.8662252674109552
הזורעים,0.8274700271513085
החותרים,1.274704057066953
היוגב,0.4891248418745636
הילה,2.634293243103813
המעפיל,0.2823397978917254
המרכז למחקר-נחל שורק,0.9387935091756866
הסוללים,1.4419726879601773
העוגן,0.3759267286270412
"הערבה מ""א 53",1.6129391871716108
"הערבה מ""א 54",1.4992324484294528
הר אדר,0.8833751901384982
"הר אלכסנדר מ""א 14",1.129967952729184
"הר אלכסנדר מ""א 45",2.0396223457689833
"הר אלכסנדר של""ש",0.8278781704444135
הר גילה,0.8815877869903379
"הר הנגב הדרומי מ""א 48",1.979518590371548
"הר הנגב הדרומי מ""א 53",2.3002189625153235
"הר הנגב הדרומי מ""א 54",3.8649561239613983
"הר הנגב הצפוני מ""א 48",2.275919599262361
"הר הנגב הצפוני מ""א 51",2.290204647800266
"הר הנגב הצפוני מ""א 53",2.205921355406337
"הר הנגב הצפוני מ""א 54",2.0560358666224596
הר עמשא,2.194233148275497
הראל,0.6118961399548823
הרדוף,1.1442890922744469
"הרי יהודה מ""א 26",2.293223405652054
הרי נצרת-תירען,0.7123285879435016
"הרי נצרת-תירען מ""א 9",1.3346937699550045
הרצלייה,0.6947782076400231
הררית,0.894569825063708
השומרון,0.47416992305779576
ורד יריחו,0.8610067904334178
ורדון,0.5976811125953257
זבארגה (שבט),0.9172044313745531
זבדיאל,0.5511707965029233
זוהר,0.5892724485190446
זיקים,1.6010785471955369
זיתן,0.4016496408069235
זכרון יעקב,0.9930507415409814
זכריה,0.8425838471533311
זמר,0.20673755756497456
זמרת,0.5012712212942335
זנוח,1.074314545928635
זרועה,0.533387052616327
זרזיר,1.023036156082404
זרחיה,0.5326677528101007
ח'ואלד,1.2845119641794078
ח'ואלד (שבט),1.3115945587815485
חבצלת השרון,0.7461494779854074
חבר,0.3581564666765025
חגור,0.5892245403758188
חגי,0.7889032997240233
חגלה,0.44350003162762913
חד-נס,1.787149978743172
חדיד,0.5525069293911589
חדרה,0.5258436598703583
חוג'ייראת (ד'הרה) (שבט),1.2695068635513278
חולדה,0.4767708462966027
חולון,0.39689823983190003
חולית,0.678198075254035
חולתה,1.2448499952042131
חוסן,1.3409267790257442
חוסנייה,1.2295674360126265
"חוף הכרמל מ""א 15",1.3791056470331837
חופית,1.315692756184175
חוקוק,1.7789329489527992
חורה,0.79326059341649
חורפיש,1.48192360368298
חורשים,0.4866028994355224
חזון,1.3949500155125452
חיבת ציון,0.6267764222693554
חיננית,0.4744860907138891
חיפה,0.9569337613158727
חירות,0.43350746928608747
חלוץ,1.3378685810823783
חלץ,0.6390773217441547
"חמ""ד",0.3548743050308213
חמאם,2.3187630222685516
חמדיה,0.9240087408677204
חמדת,1.535804330257418
חמרה,0.7948237615221069
חניאל,0.283783292298273
חניתה,1.6777228206654717
חנתון,1.1749520676216265
חספין,0.8587116236605898
חפץ חיים,0.4305091723264241
חפצי-בה,1.5112981767696867
חצב,0.446917339680545
חצבה,1.6845540238961947
חצור-אשדוד,0.556695940132348
חצור הגלילית,1.3034470168227357
חצרים,0.8839276367672363
חרב לאת,0.5899399890226285
חרוצים,0.9370706332362473
חריש,0.37298620226818996
"חרמון מ""א 71",6.389805018411805
חרמש,0.29379250175602467
חרשים,1.483190363457963
חשמונאים,0.5786773555757906
טבריה,0.9378956152550615
טובא-זנגרייה,1.9291800717549439
טורעאן,0.928137954533236
טייבה,0.333522188445347
טייבה (בעמק),0.8856675904916559
טירה,0.3497105787390009
טירת יהודה,0.6629450506453658
טירת כרמל,1.2813639613498469
טירת צבי,0.7926276316071724
טל-אל,0.7901097925305189
טל שחר,0.5087330187940574
טללים,1.4032095455883078
טלמון,0.8230725172491067
טמרה,0.7330896961639803
טמרה (יזרעאל),0.6416051116450533
טנא,0.879490118594459
טפחות,1.1832015348466511
יאנוח-ג'ת,1.3395885259144467
יבול,0.893418650861918
יבנאל,0.9412662973127769
יבנה,0.612376717349538
יגור,1.4645520909768655
יגל,0.3854926091254254
יד בנימין,0.44080781028599214
יד השמונה,1.276786663737288
יד חנה,0.21505850727939882
יד מרדכי,0.917906137793811
יד נתן,0.5442846229292027
"יד רמב""ם",0.4401531486261065
ידידה,1.1399248163590434
יהוד-מונוסון,0.4256555669362687
יהל,1.755624873862714
יובל,0.812646311530529
יובלים,1.1301564264707855
יודפת,1.6643144845369493
יונתן,1.187871644121516
יושיביה,0.5298773476250243
יזרעאל,0.4702446865062467
יחיעם,2.0310531816496287
יטבתה,1.5957662327616484
"ייט""ב",0.7992242155518409
יכיני,0.5003137674600671
ים המלח - בתי מלון,1.653584650099532
ינוב,0.28601113045043497
ינון,0.4852919814578606
יסוד המעלה,1.3273893004990915
יסודות,0.4394822523087412
יסעור,0.7189426176655643
יעד,0.9715813015161878
יעל,0.42889603878760096
יעף,0.29710144383354753
יערה,1.1562314376305785
"יערות גבעת המורה מ""א 9",0.7501559839058137
יפיע,0.5869384248736477
יפית,1.366073151684249
יפעת,0.6557688933749137
יפתח,1.6222864915275836
יצהר,0.4023432218805255
יציץ,0.49227253458627107
יקום,1.290862293604723
יקיר,1.7227779358078568
יקנעם (מושבה),0.9362559962882347
יקנעם עילית,1.0621756605575736
יראון,1.1645912806659189
ירדנה,0.8725020643734401
ירוחם,1.6916967142137849
ירושלים,0.8624590752448005
ירחיב,0.44032908916976005
ירכא,0.97663086122101
ירקונה,0.7420097142314952
ישע,0.8047257587430169
ישעי,0.8305615104231716
ישרש,0.44454143440217886
יתד,0.825870733473215
כאבול,0.8044192987817698
כאוכב אבו אל-היג'א,1.2335244722246481
כברי,0.8653960341964297
כדורי,0.8122769080683885
כדיתה,1.4959286653500632
כוכב השחר,1.1920112172760438
כוכב יאיר,0.3964520401420327
כוכב יעקב,0.5422742076672091
כוכב מיכאל,0.5687943819346271
כורזים,1.3940225897287906
כחל,1.6051104744113873
כחלה,0.9654013880504955
כיסופים,0.47302066606546966
כישור,1.2736293761193562
כליל,1.0648256333781032
כלנית,1.5189495044216526
כמאנה,1.5849765853310764
כמהין,1.358012088701046
כמון,1.7276913081411331
כנות,0.45898175770331345
כנף,1.0296225198833775
כנרת (מושבה),0.8439467328809169
כנרת (קבוצה),0.9132312459489178
כסיפה,1.0510640596899763
כסלון,1.8161119511904102
כסרא-סמיע,1.4309545685751603
כעביה-טבאש-חג'אג'רה,1.9267112396846477
כפר אביב,0.5841104879817502
כפר אדומים,2.0590689210827646
כפר אוריה,0.6109125669015416
כפר אחים,0.4913389999109101
כפר ביאליק,0.7952326825729612
"כפר ביל""ו",0.40118139989429474
כפר בלום,0.8079509457228492
כפר בן נון,0.7130914007022664
כפר ברא,0.5137057172403245
כפר ברוך,0.5834515791063447
כפר גדעון,0.4919629973258725
כפר גלים,1.2243575781072769
כפר גליקסון,0.7483381982923135
כפר גלעדי,1.0198165159495507
כפר דניאל,0.46394023113474614
כפר האורנים,0.5994187936693635
כפר החורש,0.6829748316427859
כפר המכבי,0.9324853608510855
כפר הנגיד,0.6595231744981687
כפר הנוער הדתי,1.4136493101766132
כפר הנשיא,1.622384219823129
כפר הס,0.36925050397731346
"כפר הרא""ה",0.59180103660844
"כפר הרי""ף",0.4847512807234671
כפר ויתקין,1.0651793286008544
כפר ורבורג,0.5520731816855661
כפר ורדים,1.2254246831340314
כפר זוהרים,1.2284779451997887
כפר זיתים,1.593737327164333
"כפר חב""ד",0.35659474334571145
כפר חושן,1.5774936765012504
כפר חיטים,1.172295837669749
כפר חיים,0.44469619856035697
כפר חנניה,1.470089577258092
כפר חסידים א',1.3162682743701424
כפר חסידים ב',1.3144409058687043
כפר חרוב,1.7888195740870596
כפר טרומן,0.5432968073907882
כפר יאסיף,0.7826684937668733
כפר ידידיה,0.4254323156007345
כפר יהושע,0.8574031935667592
כפר יונה,0.31636514659295933
כפר יחזקאל,0.6106209908522213
כפר יעבץ,0.2890427575097892
כפר כמא,0.7901531583975783
כפר כנא,0.7543114545378471
כפר מונש,0.3815345790544738
כפר מימון,0.5487302675409181
"כפר מל""ל",0.5389759119841315
כפר מנדא,1.3682920899018218
כפר מנחם,0.6163860158524999
כפר מסריק,0.8795757079036737
כפר מצר,0.7188148619330842
כפר מרדכי,0.4654839609915644
כפר נטר,0.6426961851920584
כפר סאלד,1.0274285872704496
כפר סבא,0.46428208314853336
כפר סילבר,0.8465433052100862
כפר סירקין,0.6767107351763078
כפר עבודה,0.3446485977053931
כפר עזה,0.44712759079680475
כפר עציון,0.8572277617434974
כפר פינס,0.47249676105820476
כפר קאסם,0.5772397678880763
כפר קיש,0.8673723720185081
כפר קרע,0.677494913667435
כפר ראש הנקרה,1.0879203085594928
כפר רוזנואלד (זרעית),0.913045981508651
כפר רופין,1.0576806872565478
כפר רות,0.6621432977713829
כפר שמאי,1.7048921994335369
כפר שמואל,0.5393407840659987
כפר שמריהו,0.9749271222163584
כפר תבור,0.788040354466809
כפר תפוח,0.3241570633753348
כרכום,1.8820746191302333
כרם בן זמרה,1.4702354293840323
כרם בן שמן,0.5181401460485939
כרם יבנה (ישיבה),0.5377273401912508
"כרם מהר""ל",1.504538407634724
כרם שלום,0.5432613413573979
כרמי יוסף,1.0759195827949073
כרמי צור,0.8369689721702173
כרמי קטיף,1.6495233917025773
כרמיאל,1.396238760538374
כרמייה,1.1722116780271434
כרמים,0.797129352117697
כרמל,0.8350905318395918
לבון,2.133921259218027
לביא,0.9796117224422698
לבנים,1.9486035135173778
להב,1.1131625226138475
להבות הבשן,1.0766551052317042
להבות חביבה,0.2640384269638204
להבים,0.7941092049623539
לוד,0.38629889811564944
לוזית,0.7472607605245145
לוחמי הגיטאות,1.0748771973091855
לוטם,1.1377553023912428
לוטן,1.5354170797148339
לימן,1.131575835911872
לכיש,1.4285456453839194
לפיד,0.6123936651667744
לפידות,1.7565291700415246
לקיה,0.7837445558605379
מאור,0.3439158457156791
מאיר שפיה,0.9943817128785971
מבוא ביתר,1.2738964126487653
מבוא דותן,0.4365026358661046
מבוא חורון,1.2268593866869575
מבוא חמה,1.902407575986694
מבוא מודיעים,0.5715097522640223
מבואות ים,1.5791041741181702
מבואות יריחו,0.8324840705189467
מבועים,0.5794254654537568
מבטחים,0.8498862600826225
מבקיעים,0.8967266745429634
מבשרת ציון,1.056181648886307
מג'ד אל-כרום,1.0780552761077904
מג'דל שמס,1.3989923302189136
מגאר,1.2306375517001198
מגדים,1.3984929711040135
מגדל,1.4305706383360586
מגדל העמק,0.6279916160753707
מגדל עוז,1.4576044081569575
מגדל תפן,1.3726519761726474
מגדלים,0.5556480910865161
מגידו,0.7721761406760945
מגל,0.22400350394754664
מגן,0.7755809961244028
מגן שאול,0.42565185699466873
מגשימים,0.4771547834670259
מדרך עוז,0.6431677311127237
מדרשת בן גוריון,1.926044693523658
מדרשת רופין,0.4299692593640597
מודיעין-מכבים-רעות*,0.9003329409864507
מודיעין עילית,0.5696315669845436
מולדת,0.7861263463488413
מוצא עילית,1.0391589248049886
מוקייבלה,0.3930735219237503
מורן,1.4880478027916861
מורשת,0.9749069509257945
מזור,0.6009009979675863
מזכרת בתיה,0.41930848215673316
"מזרח השרון מ""א 16",0.3076600597834836
"מזרח השרון מ""א 18",0.23041297218730528
מזרע,0.4820328043956319
מזרעה,1.0773448979719489
מחולה,0.8332866649007525
מחנה הילה*,0.8378648210368205
מחנה טלי*,1.5063969559989883
מחנה יהודית*,0.6756560467914077
מחנה יוכבד*,1.6325929392278271
מחנה יפה*,1.0447670473576016
מחנה יתיר,1.011808464901276
מחנה מרים*,0.5547697650993345
מחנה תל נוף*,0.40552739941374016
מחניים,1.2752012823406456
מחסיה,1.1668770492668175
מטולה,0.7743281325668034
מטע,1.7444697388665167
מי עמי,0.5796115418806861
מיטב,0.40786695930459804
מייסר,0.32797681132252166
מיצר,0.8109680987802211
מירב,1.964987638765777
מירון,1.8621923308703798
מישר,0.4581191256867689
מיתר,0.8362815066867774
מכורה,0.7594533051166286
מכחול,1.0333284758814225
מכמורת,1.598683852309608
מכמנים,1.2211652622850986
מלאה,0.3771787340926962
מלילות,0.808178648478403
מלכייה,1.4313860046821612
מלכישוע,1.3192752436687636
מנוחה,0.5805561604818275
מנוף,1.735860263325586
מנות,1.5259643321545906
מנחמיה,1.1456576078912641
מנרה,1.038349076483153
מנשית זבדה,0.9049122624092182
מסד,2.1270507920696513
מסדה,0.8552911947377546
מסילות,0.886933230772522
מסילת ציון,1.2445744060292439
מסלול,0.8082646032668521
מסעדה,1.2240110880168447
מסעודין אל-עזאזמה (שבט),0.9462044250950197
מעברות,0.46527311456478565
מעגלים,0.7121257479826635
מעגן,0.8090287288031935
מעגן מיכאל,1.2721101975964653
מעוז חיים,0.8423028929416349
מעון,1.0247625598157366
מעונה,1.3833825566710445
מעיין ברוך,0.8804453352962258
מעיין צבי,0.9279043117631758
מעיליא,1.7480341159641204
מעלה אדומים,0.6725752679246089
מעלה אפרים,1.2782307684654224
מעלה גלבוע,1.2470509840035775
מעלה גמלא,1.2335464877171145
מעלה החמישה,1.0878597142498336
מעלה לבונה,0.3250426796043428
מעלה מכמש,0.9273686582932761
מעלה עירון,0.721030523360662
מעלה עמוס,1.2733368954282605
מעלות-תרשיחא,1.3890348414814144
מענית,0.3694266733158509
"מערב השרון מ""א 16",0.3758281014394016
"מערב השרון מ""א 18",0.3554156108045372
"מערב השרון מ""א 19",1.038148340920272
מעש,0.49576358573427626
מפלסים,0.47010542278107753
"מפעלי אבשלו""ם",0.8262791534629348
מפעלי ברקן,0.5642144334192867
מפעלי גליל עליון,0.8237754415676924
מפעלי גרנות,0.5303361870855483
מפעלי העמק (יזרעאל),0.5653925177074876
מפעלי חבל מודיעים,1.173206975340631
מפעלי ים המלח(סדום),1.7214682302827882
מפעלי כנות,0.4485936733767269
מפעלי מישור רותם,1.796435338648168
מפעלי מעון,0.8130242743791282
מפעלי נחם הרטוב,0.8948399365244794
מפעלי צומת מלאכי,0.5148023027924044
מפעלי צין - ערבה,2.0365103306390053
מפעלי צמח,0.826314088407202
מפעלי שאן,0.9076507380624703
מצדות יהודה,1.275942130053441
מצובה,0.9346348240614512
מצליח,0.40594245209320956
מצפה,0.9768238657171336
"מצפה אבי""ב",0.7715479712313
מצפה אילן,0.38063772124507134
מצפה יריחו,0.9779621782986536
מצפה נטופה,0.883509219095395
מצפה רמון,1.955155804107489
מצפה שלם,2.9002671728681517
מצר,0.31104359477166404
מקווה ישראל,0.37541327783229506
מרגליות,1.2607556234255126
מרום גולן,1.0354981525719908
מרחב עם,1.568948543292944
מרחביה (מושב),0.4297004176889945
מרחביה (קיבוץ),0.4196765335271159
מרכז אזורי כדורי,0.775496724416606
מרכז אזורי מרום הגליל,1.727316382403259
מרכז אזורי משגב,1.3191085704483876
מרכז אזורי שוהם,0.7520549510321157
"מרכז כ""ח",1.309281333848896
"מרכז מיר""ב*",1.2270231504335531
מרכז שפירא,0.584795586094979
משאבי שדה,1.3509620049089128
משגב דב,0.48516717351658045
משגב עם,1.1573677003051746
משהד,0.7651474967750816
משואה,1.1950503562341384
משואות יצחק,0.6624546906666681
משכיות,0.974607724761737
משמר איילון,0.6683165082332512
משמר דוד,0.584647406090379
משמר הירדן,1.2027823728358904
משמר הנגב,0.6484271634062492
משמר העמק,0.7071574874015419
משמר השבעה,0.3546804303729402
משמר השרון,0.4404546364859515
משמרות,0.49930139957927394
משמרת,0.4189354161394191
משען,0.7104276174230992
מתן,0.41669051149122616
מתת,1.4329791694998755
מתתיהו,0.5759431269871437
נאות גולן,1.2429009188164473
נאות הכיכר,1.4020153600470078
נאות חובב,1.382823029036217
נאות מרדכי,0.931235363187181
נאות סמדר,1.6745969112353594
נאעורה,0.5862839665178644
נבטים,0.8106026795606437
נגבה,0.5820317354339439
נגוהות,1.512187547074472
נהורה,0.5497852737955623
נהלל,0.7757294101893764
נהרייה,1.0804438839696024
נוב,0.9994495443412821
נוגה,0.5509702637260045
נווה,1.2450447227026258
נווה אבות,0.5422728329925777
נווה אור,1.0504957596310502
"נווה אטי""ב",1.9917090601930565
נווה אילן,1.3206956856745236
נווה אילן*,1.2090650932048674
נווה איתן,0.7702826215489625
נווה דניאל,0.801235202828804
נווה זוהר,2.109238467629621
נווה זיו,1.0191812621382934
נווה חריף,1.6833374634733782
נווה ים,1.2640191674583896
נווה ימין,0.43218148503883624
נווה ירק,0.8919048399894332
נווה מבטח,0.47843404088941116
נווה מיכאל,0.9044837374406854
נווה צוף,0.9892969466911679
נווה שלום,0.7913379035844463
נועם,0.8439521531398517
נוף איילון,1.000288521054287
נוף הגליל,0.7880483432594638
נופים,3.459788453028797
נופית,1.55363921786313
נופך,0.5639692025006211
נוקדים,3.070337310257382
נורדייה,0.40925952143769434
נורית,1.069949955608102
נחושה,1.2703652778174919
"נחל יפתחאל מ""א 3",0.9371947315687752
נחל עוז,0.4912863565195313
"נחל תבור מ""א 8",1.1593263145397341
נחלה,0.6379404763259726
נחליאל,0.5237176755324809
נחלים,0.549531192300817
נחם,1.0522768569704153
נחף,1.274114518742253
נחשולים,1.3093571646013986
נחשון,0.6425977170327656
נחשונים,0.8721341941081487
נטועה,1.7938750486830546
נטור,0.8896928851264931
נטע,1.1968955929218936
נטעים,0.7163603648025663
נטף,2.9753682939094985
ניין,0.5367157597705985
"ניל""י",0.6286206103352636
ניצן,1.9787388858567174
ניצן ב',1.6162394119372487
ניצנה (קהילת חינוך),1.352030765935016
ניצני סיני,1.2489663844819912
ניצני עוז,0.2218346920365129
ניצנים,1.283021065835969
ניר אליהו,0.3822716242544834
ניר בנים,0.5409751757682707
ניר גלים,0.6626058260737403
ניר דוד (תל עמל),1.1188896883465738
"ניר ח""ן",0.5683320821650759
ניר יפה,0.37590974202465677
ניר יצחק,0.7414218859963483
ניר ישראל,0.8652489837897372
ניר משה,0.5507562399616344
ניר עוז,0.6107254405179801
ניר עם,0.5376732973428812
ניר עציון,1.961416725990898
ניר עקיבא,0.5802340331912208
ניר צבי,0.36562207783752215
נירים,0.51932817797198
נירית,0.4393891678029839
נמל תעופה בן-גוריון,0.4082328690130925
נמרוד,1.6061621556102776
נס הרים,2.0693947082146043
נס עמים,0.8814628093910526
נס ציונה,0.5891017803661638
נעורים,0.8414011248707723
נעלה,0.6484280955769754
"נעמ""ה",0.5753063058061992
נען,0.49270998099161567
נערן,0.7823047730593579
נצאצרה (שבט),1.1066258020915523
נצר חזני,0.4340654565391919
נצר סרני,0.43104882305850484
נצרת,0.6411973279833517
נשר,1.2741325193810236
נתיב הגדוד,0.8192601602807204
"נתיב הל""ה",1.3930345730186828
נתיב העשרה,0.8154143769787441
נתיב השיירה,0.8577366811449347
נתיבות,0.5816019777369154
נתניה,0.5235011976119152
סאג'ור,1.5433629632914736
סאסא,2.3302143791760694
סביון*,0.42660763075312624
סגולה,0.5957155621233996
סואעד (חמרייה)*,1.0861634607133193
סואעד (כמאנה) (שבט),1.4064221597816462
סולם,0.47341739371889174
סוסיה,1.1238638858125327
סופה,0.6972839870166285
סח'נין,1.0517737524896227
סייד (שבט),0.764408291030134
סלמה,1.4265790155179892
סלעית,0.30814983305040966
סמר,2.1711449662932365
סנסנה,0.8161350311983092
סעד,0.4655345761982548
סעוה,0.8168161190288343
סער,1.054083036774068
ספיר,1.3552286083059748
סתרייה,0.4847338003897971
ע'ג'ר,0.9094246827557755
עבדון,1.059450833069425
עברון,1.0522441575012162
עגור,0.7096397652037741
עד הלום,1.3430726037447076
עדי,0.9026239122326705
עדנים,0.8430694821226029
עוזה,0.6594568740750583
עוזייר,0.9563681651642844
עולש,0.2369916178261002
עומר,0.7728732839709177
עופר,1.1177441394420509
עוצם,0.5437369411413618
עוקבי (בנו עוקבה) (שבט),0.7619033459849164
עזוז,1.4058874291279075
עזר,0.9298902045414247
עזריאל,0.30370704670309634
עזריה,0.49342368699523914
עזריקם,0.6976796679459829
עטאוונה (שבט),0.7737709204025167
עטרת,0.4042984190476164
עידן,1.473169409818369
עידן הנגב,0.7267090601292384
עיילבון,1.1242975902159138
עיינות,0.7345170466689399
עילוט,0.8729750469307421
עין איילה,1.220608806464427
עין אל-אסד,2.209718497126538
עין גב,1.3667922352667858
עין גדי,2.6683491459085897
עין דור,0.7177921908947966
עין הבשור,0.9260415684922582
עין הוד,1.8731530600214517
עין החורש,0.3738834730078478
עין המפרץ,0.9018828356848543
"עין הנצי""ב",0.9941783236890126
עין העמק,1.0705097909093866
עין השופט,1.1363761996209645
עין השלושה,0.5088499416516841
עין ורד,0.35919606784732766
עין זיוון,1.0265661504204346
עין חוד,2.1276217895834426
עין חצבה,1.8476651805391973
עין חרוד (איחוד),0.6354410913425926
עין חרוד (מאוחד),0.6670741380435921
עין יהב,1.3556624089784748
עין יעקב,1.513360323495112
"עין כרם-בי""ס חקלאי",1.3720087040127928
עין כרמל,1.359615558452169
עין מאהל,0.6847100847369946
עין נקובא,1.2948758022864966
עין עירון,0.48891020815469355
עין צורים,0.554455886507953
עין קנייא,1.5719087736525645
עין ראפה,1.174857030240336
עין שמר,0.39273011213825376
עין שריד,0.3409188103848703
עין תמר,1.489205560737357
עינת,0.7964232470715292
עיר אובות,2.2975856735233227
עכו,0.988096034480397
עלומים,0.5821565628865445
עלי,0.33889387962110856
עלי זהב,1.2955711351913581
עלמה,1.9346985740204508
עלמון,0.9064806606175719
עמוקה,1.452561362059892
עמיחי,0.5291655044838068
עמינדב,1.4022665076273957
עמיעד,1.6792163945088783
עמיעוז,0.8277100668539411
עמיקם,1.620782868646974
עמיר,0.8074910599032399
עמנואל,0.694954704023138
"עמק בית שאן מ""א 7",0.8379211958204701
"עמק חולה מ""א 1",0.8979761119319997
"עמק חולה מ""א 55",1.5368107656612127
"עמק חפר מזרח מ""א 16",0.5406800336936949
"עמק חרוד מ""א 8",0.8567116648429304
"עמק יזרעאל מ""א 13",0.5974924346976056
"עמק יזרעאל מ""א 8",0.37376738893199485
"עמק יזרעאל מ""א 9",0.46130373901508787
עמקה,0.8160102332728811
ענב,0.21148814698131937
עספיא,2.1017984091756565
עפולה,0.4277417122795801
עפרה,0.46476613638529457
עץ אפרים,0.6097832847149607
עצמון שגב,1.2649545126945732
עראבה,0.8956621517316692
עראמשה*,1.7536846915965365
ערב אל נעים,2.501878082993344
ערד,1.2924545315245066
ערוגות,0.4971679118662434
ערערה,0.6304519344801495
ערערה-בנגב,1.0342396689102413
עשרת,0.47063333593241913
עתלית,1.2694124362883745
עתניאל,1.0332662147141467
פארן,1.5607073112854684
פארק תעשיות ספירים,0.5333208240357669
פארק תעשיות עמק חפר,1.0819432662789485
פדואל,2.2186141220024886
פדויים,0.7665026012389411
פדיה,0.5123756263148177
פוריידיס,0.9453684982715326
פורייה - כפר עבודה,0.8832278294825258
פורייה - נווה עובד,0.755685473531332
פורייה עילית,0.7917779848442901
פורת,0.3078803947373053
פטיש,0.8600556413451722
פלך,1.3873201902984793
פלמחים,1.4012908338686512
פני חבר,0.8234573617910946
פסגות,0.49100842441287057
פסוטה,1.2524072736422285
"פעמי תש""ז",0.6354898712709608
פצאל,1.0510530411506813
פקיעין (בוקייעה),1.536112996379988
פקיעין חדשה,1.521146748631421
פרדס חנה-כרכור,0.4422232513373968
פרדסייה,0.37681683417601985
פרוד,1.7724614765005522
פרזון,0.44154105474130917
פרי גן,0.833293288221868
פתח תקווה,0.6079341475045659
פתחיה,0.4981177630723671
צאלים,1.1968133154652045
צביה,1.1402285830735437
צבעון,1.7538298710875928
צובה,1.326228556182204
צוחר,0.9052374284341791
צופייה,0.5174178264714057
צופים,0.36193734453141635
צופית,0.4308554010806538
צופר,1.3123914412601307
צוקי ים,0.782759758004642
צוקים,1.483917712832969
צור הדסה,1.274166379559007
צור יצחק,0.7075461158929669
צור משה,0.37726139194620095
צור נתן,4.236437397396927
צוריאל,1.6184807050807855
צורית,1.0064572191618115
ציפורי,1.4444336071463384
צלפון,0.5539240908658998
צנדלה,0.494573074631601
צפרייה,0.3608297638542552
צפרירים,1.1664048105532328
צפת,1.4480883720645479
צרופה,1.259806514641548
צרעה,0.7776987368097744
קבועה (שבט),1.2604007745080377
קבוצת יבנה,0.5429442468994211
קדומים,0.3039407368128855
קדימה-צורן,0.38480646597422524
קדמה,0.6622636465968587
קדמת צבי,1.1285462473488432
קדר,0.5984986679332869
קדרון,0.422947461686415
קדרים,2.0310492375615214
קודייראת א-צאנע (שבט),1.7351256358375409
קוואעין (שבט),0.9525249987635656
קוממיות,0.5338730919973609
קורנית,1.4036588039532214
קטורה,1.6789375567424663
קיסריה,0.8355182889062629
קלחים,0.6205983922220036
קליה,1.1086694195488567
קלנסווה,0.26149203510704994
קלע,1.117998089538291
קציר,0.6124911623021521
קצר א-סר,1.2248828759100727
קצרין,1.5393598752344864
קריית אונו,0.4188859280073791
קריית ארבע,0.8180315702172897
קריית אתא,0.8379554154551593
קריית ביאליק,0.8056761023034408
קריית גת,0.6201199801993813
קריית חינוך מרחבים*,0.8076395494231273
קריית טבעון,1.296491441556025
קריית ים,0.7721153949535494
קריית יערים,1.1226293384324137
קריית יערים (מוסד),1.148178574989358
קריית מוצקין,0.7804786923482961
קריית מלאכי,0.5144095672122176
קריית נטפים,0.7295831589838404
קריית ענבים,1.3433635009839882
קריית עקרון,0.3997935095126211
קריית שלמה,1.0372054381340043
קריית שמונה,0.7596060791997542
קרית חינוך עזתה,0.5486284859880391
קרית תעופה,0.4898473207385928
קרני שומרון,1.5403731863093812
קשת,0.9471267387822472
ראמה,1.6348015543098668
ראס אל-עין,2.5821436187835873
ראס עלי,1.0898200966472702
ראש העין,0.8186582688029171
ראש פינה,1.3805599348237563
ראש צורים,0.8342905584673825
ראשון לציון,0.4455119604703129
רבבה,0.6211739687798481
רבדים,0.4673671480437646
רביבים,1.4488547557583258
רביד,1.5095290261525558
רגבה,1.0677792762065756
רגבים,0.7879462453442674
רהט,0.680660595897675
רווחה,0.5369728667416998
רוויה,1.159202873399089
רוח מדבר,1.6871680618365712
רוחמה,2.0831622023581913
רומאנה,0.9271337198833846
רומת הייב,0.9539458606040105
רועי,0.8972841924194536
רותם,1.1052110532369066
רחוב,0.9512760443737056
רחובות,0.42800791687193884
רחלים,0.3268014328019619
ריחאנייה,1.6449438736357536
ריחן,1.3461607108731153
ריינה,0.7280185081022897
רימונים,0.9200861528252351
רינתיה,0.6101659697714544
רכסים,1.3917484134468205
רם-און,0.3449824628386465
רמות,1.0337874601831076
רמות השבים,0.5616605006242512
רמות מאיר,0.43197815112541493
רמות מנשה,1.651528673785467
רמות נפתלי,1.2675837941702788
רמלה,0.379096621285674
רמת גן,0.3989430566350823
רמת דוד,0.6894632285820304
רמת הכובש,0.399899921711125
רמת השופט,1.0305431716826146
רמת השרון,0.6254634355793662
רמת יוחנן,0.9061619703108891
רמת ישי,0.9565436380616026
"רמת כוכב מ""א 7",1.4374300200575625
"רמת כוכב מ""א 8",0.9274189778237237
"רמת כוכב מ""א 9",0.6164881168152985
רמת מגשימים,0.8341967867563898
"רמת מנשה מ""א 13",1.8385078556147976
רמת צבי,0.6418825902095467
רמת רזיאל,1.7876129864072583
רמת רחל,0.6604015084163017
רנן,0.7907469885664483
רעים,0.6885272877210139
רעננה,0.5888149766252598
רקפת,1.2119373168279646
רשפון,1.0661488813734878
רשפים,0.9430402738081903
רתמים,1.3842054514941562
שאר ישוב,1.2718938866961758
שבי דרום,0.5595559988793242
שבי ציון,1.2817056358784336
שבי שומרון,0.3276815357997732
שבלי - אום אל-גנם,1.302010047158262
שגב-שלום,0.8924553817750754
שדה אילן,0.7516200393143485
שדה אליהו,0.7739634565209782
שדה אליעזר,1.2959923976884775
שדה בוקר,1.682475300613538
שדה דוד,0.6583085167803866
שדה ורבורג,0.4778181967132038
שדה יואב,0.5689644294353313
שדה יעקב,1.065892653393425
שדה יצחק,0.34603980899066683
שדה משה,0.6992766119429
שדה נחום,0.8639156712459586
שדה נחמיה,0.8103028309310462
שדה ניצן,0.9230081464650226
שדה עוזיהו,0.9104377961624928
שדה צבי,0.6871459383258302
שדות ים,0.8488332326061234
שדות מיכה,0.6550220254333254
שדי אברהם,0.8292184347241744
שדי חמד,0.46633581243575045
שדי תרומות,0.9508070928807592
שדמה,0.4868000183479459
שדמות דבורה,0.7468547993482025
שדמות מחולה,1.058161760866047
שדרות,0.5801927473257064
שואבה,1.3492634810052595
שובה,0.49674155906727585
שובל,0.6960919221032954
שוהם,0.8375232529297595
שומרה,1.087811172153742
שומרייה,1.3454162705105803
שוקדה,0.5887881587451138
שורש,1.6890444081221982
שורשים,1.059487180080337
שושנת העמקים,0.6001961810780222
שזור,1.4734140593374598
שחר,0.5574261272050379
שחרות,2.08165191476872
שיבולים,0.6819457919173718
שיטים,2.0242991819389897
שייח' דנון,0.8338807046376325
שילה,0.4169048305558265
שילת,0.6138992480307788
שכניה,2.153379816425144
שלווה,0.7741170006031326
שלווה במדבר,1.7491109236134497
שלוחות,0.9629513935116062
שלומי,0.9902291670285157
שלומית,0.9421726201779559
שלומציון,1.2934638526559525
שמיר,1.2615942077205473
שמעה,0.8432388467391468
שמרת,1.0473571076041348
שמשית,1.131526170033736
שני,1.0451998851128148
שניר,2.3022756324286053
שעב,0.921328229639252
שעל,0.90753199103628
שעלבים,0.8831002307543049
שער אפרים,0.24474043901735415
שער הגולן,0.8425062435314334
שער העמקים,1.422150222279834
שער מנשה,0.414198864899253
שערי תקווה,0.5392673880489305
שפיים,1.119791255906139
שפיר,0.5418277717539026
"שפלת יהודה מ""א 26",0.6630469641388328
שפר,1.6723699672535977
שפרעם,0.7809205993481587
שקד,0.44883478842418617
שקף,1.15839623873917
שרונה,1.0894925503237112
שריגים (לי-און),0.8859230930628873
שריד,0.5746615178489786
שרשרת,0.6462610308691911
שתולה,1.0449352603109365
שתולים,0.7849172079616955
תאשור,0.6832792292740898
תדהר,0.6813081979181621
תובל,1.1293001281691064
תומר,0.8966919410214099
תושייה,0.539636635188388
תימורים,0.5199765010876968
תירוש,0.5325150363568122
תל אביב -יפו,0.4010918033185448
תל חי (מכללה),1.1851747796646412
תל יוסף,0.6922675369869695
תל יצחק,0.9359337385036657
תל מונד,0.41517899627493177
תל עדשים,0.48357979714941585
תל קציר,0.8386163117509504
תל שבע,0.8028337413717019
תל תאומים,0.8682700480547474
תלם,1.2230156609381495
תלמי אליהו,0.9440151161974512
תלמי אלעזר,0.4214978951450336
"תלמי ביל""ו",0.5695924713586001
תלמי יוסף,1.0240509342732529
תלמי יחיאל,0.4775315470979282
תלמי יפה,0.685991087052208
תלמים,0.7315309212644482
תמרת,1.865355898907903
תנובות,0.26570831832048053
תעוז,0.7512472849827373
תעשיון בינימין*,0.39709667919789704
תעשיון דלתון,1.4949021463067027
תעשיון השרון,0.3801493880867256
תעשיון חבל יבנה,0.6742113261249717
תעשיון חצב*,1.1537635525605676
תעשיון מבצע*,0.47405951375268973
תעשיון מיתרים,0.9052493099442294
תעשיון צריפין,0.3617786057699364
תעשיון ראם*,0.4623820992211676
"תעשיון שח""ק",0.39031692102924437
תעשיות גליל תחתון,1.1907317159759618
תפרח,0.6917182871538909
תקומה,0.5019664395817263
תקוע,1.172892156126344
תראבין א-צאנע (שבט),1.0239037339440769
תרבין א-צאנע (יישוב)*,0.6582513108827879
תרום,0.8197062388877098
