סמל היישוב,שם יישוב,"סה""כ",זכר,נקבה
"1,275",אבטליון,478,234,244
679,אביאל,791,400,391
"1,115",אביבים,474,231,243
819,אביגדור,816,399,417
175,אביחיל,"1,409",697,712
"2,052",אביטל,495,270,225
"1,070",אביעזר,864,429,435
"1,220",אבירים,271,132,139
182,אבן יהודה,"14,020","6,885","7,135"
"1,081",אבן מנחם,280,147,133
783,אבן ספיר,711,386,325
400,אבן שמואל,"2,238",970,"1,267"
"4,011",אבני איתן,740,367,374
"3,793",אבני חפץ,"2,080","1,063","1,017"
"3,786",אבנת,255,152,103
"1,311",אבשלום,323,161,162
"3,759",אדורה,447,251,196
113,אדירים,280,147,133
"1,068",אדמית,246,121,125
"1,123",אדרת,886,441,444
446,אודים,"1,406",695,711
"4,010",אודם,155,81,74
"1,046",אוהד,409,210,198
"1,108",אומן,468,227,241
680,אומץ,829,423,407
31,אופקים,"32,555","16,107","16,448"
"1,294",אור הגנוז,593,314,278
67,אור הנר,788,391,397
"2,400",אור יהודה,"36,770","18,227","18,543"
"1,020",אור עקיבא,"19,447","9,573","9,874"
780,אורה,"1,297",635,662
"2,012",אורות,480,231,248
"4,013",אורטל,349,175,173
403,אורים,482,239,244
882,אורנים,61,25,36
"3,760",אורנית,"8,965","4,543","4,422"
278,אושה,557,287,270
565,אזור,"13,332","6,607","6,725"
"1,157",אחווה,322,120,202
821,אחוזם,541,302,238
"1,330",אחוזת ברק,"2,391","1,185","1,206"
785,אחיהוד,912,469,443
850,אחיטוב,"1,080",552,528
804,אחיסמך,"1,405",736,668
797,אחיעזר,"1,978",970,"1,008"
338,איבים,651,344,307
716,אייל,535,281,254
77,איילת השחר,"1,148",565,583
294,אילון,"1,055",528,526
"1,126",אילות,341,161,180
49,אילנייה,488,245,244
"2,600",אילת,"52,519","27,232","25,287"
"1,336",אירוס,729,369,360
"3,762",איתמר,"1,285",740,546
37,איתן,490,257,233
886,איתנים,60,42,18
"4,003",אל -רום,416,216,200
"1,145",אלומה,943,483,459
330,אלומות,411,199,212
"1,182",אלון הגליל,"1,144",588,556
"3,579",אלון מורה,"2,010","1,151",859
"3,604",אלון שבות,"3,071","1,630","1,441"
429,אלוני אבא,994,498,495
"4,017",אלוני הבשן,447,257,190
868,אלוני יצחק,299,128,171
285,אלונים,522,260,262
"4,002",אלי-עד,464,253,211
"1,365",אליאב,603,316,286
41,אליכין,"3,484","1,737","1,747"
"1,248",אליפז,147,76,71
730,אליפלט,641,329,313
682,אליקים,928,489,438
204,אלישיב,723,362,361
841,אלישמע,"1,204",603,601
"1,125",אלמגור,417,214,202
"3,556",אלמוג,246,122,124
"1,309",אלעד,"49,167","24,848","24,319"
"3,618",אלעזר,"2,487","1,219","1,268"
"3,750",אלפי מנשה,"7,997","4,012","3,985"
603,אלקוש,269,148,121
"3,560",אלקנה,"3,911","1,939","1,973"
772,אמונים,997,501,496
"1,064",אמירים,876,421,454
"1,253",אמנון,444,211,233
23,אמציה,224,122,101
"4,012",אניעם,515,258,257
"3,754",אספר,986,540,446
"4,301",אפיק,345,183,163
176,אפיקים,"1,501",752,749
313,אפק,728,353,375
"3,650",אפרת,"11,405","5,849","5,555"
701,ארבל,748,403,345
"3,598",ארגמן,133,72,62
714,ארז,585,297,288
"3,570",אריאל,"19,582","9,802","9,780"
"1,324",ארסוף,184,93,92
71,אשבול,646,320,326
"1,276",אשבל,139,72,68
70,אשדוד,"226,154","110,468","115,685"
199,אשדות יעקב (איחוד),"1,016",506,511
188,אשדות יעקב (מאוחד),583,282,300
"1,188",אשחר,965,507,458
"3,722",אשכולות,588,301,287
"2,021",אשל הנשיא,139,68,71
"1,152",אשלים,666,344,322
"7,100",אשקלון,"146,519","71,353","75,165"
"1,256",אשרת,563,269,294
740,אשתאול,"1,253",629,623
21,באר אורה,"1,140",589,552
"1,376",באר גנים,"1,763",836,927
155,באר טוביה,"1,301",642,659
"2,530",באר יעקב,"29,015","14,794","14,221"
"1,278",באר מילכה,193,93,100
"9,000",באר שבע,"210,595","102,817","107,778"
450,בארות יצחק,469,253,216
697,בארותיים,"1,143",572,571
399,בארי,"1,040",512,527
559,בוסתן הגליל,"1,302",656,646
698,בורגתה,"1,136",574,563
"2,043",בחן,"1,115",588,527
762,בטחה,794,397,397
234,ביצרון,"1,234",631,603
368,בירייה,816,405,412
317,בית אורן,541,273,268
"3,574",בית אל,"5,684","2,922","2,762"
562,בית אלעזרי,"1,557",819,738
95,בית אלפא,"1,179",586,592
"3,652",בית אריה-עופרים,"5,351","2,700","2,650"
"1,076",בית ברל,226,106,120
619,בית גוברין,436,213,223
571,בית גמליאל,"1,025",516,509
466,בית דגן,"7,299","3,672","3,627"
723,בית הגדי,842,446,396
373,בית הלוי,827,417,410
322,בית הלל,789,394,395
572,בית העמק,713,324,389
"3,645",בית הערבה,398,201,198
242,בית השיטה,"1,261",603,658
353,בית זיד,78,43,35
710,בית זית,"1,683",811,872
143,בית זרע,599,290,309
"3,575",בית חורון,"1,454",722,732
877,בית חירות,905,449,456
"2,033",בית חלקיה,"1,407",965,442
159,בית חנן,526,251,275
800,בית חנניה,914,474,440
"1,050",בית חשמונאי,"2,192","1,095","1,097"
288,בית יהושע,"1,080",529,550
265,בית יוסף,485,254,231
200,בית ינאי,370,203,167
326,בית יצחק-שער חפר,"2,136","1,027","1,109"
430,בית לחם הגלילית,837,419,418
751,בית מאיר,817,438,379
784,בית נחמיה,889,425,465
16,בית ניר,608,299,310
672,בית נקופה,739,356,383
202,בית עובד,257,130,127
301,בית עוזיאל,645,323,322
756,בית עזרא,"1,106",569,537
604,בית עריף,"1,189",622,567
212,בית צבי,314,273,41
598,בית קמה,"1,423",711,712
365,בית קשת,695,329,365
848,בית רבן,931,269,662
"1,162",בית רימון,866,435,431
"9,200",בית שאן,"18,705","9,418","9,287"
"2,610",בית שמש,"132,544","66,516","66,028"
248,בית שערים,788,362,425
747,בית שקמה,893,460,433
252,ביתן אהרן,138,70,68
"3,780",ביתר עילית,"61,125","30,424","30,701"
94,בלפוריה,543,280,264
760,בן זכאי,"1,135",575,560
712,בן עמי,777,391,386
"1,084",בן שמן (כפר נוער),671,341,330
"2,013",בן שמן (מושב),873,431,442
"6,100",בני ברק,"208,793","107,151","101,642"
"1,368",בני דקלים,"1,426",719,707
592,בני דרום,925,450,475
386,בני דרור,"1,209",534,675
"4,015",בני יהודה,"1,120",546,574
"1,363",בני נצרים,820,462,359
448,בני עטרות,958,479,479
"1,066","בני עי""ש","6,925","3,324","3,601"
418,בני ציון,"1,349",656,693
588,בני ראם,"1,428",736,692
685,בניה,780,392,389
"9,800",בנימינה-גבעת עדה*,"15,925","7,938","7,987"
389,בצרה,"1,202",598,603
589,בצת,306,138,167
864,בקוע,790,402,388
"3,612",בקעות,192,104,88
823,בר גיורא,696,349,347
"1,191",בר יוחאי,"1,088",534,553
"3,744",ברוכין,"1,478",792,686
428,ברור חיל,"1,002",524,478
"2,060",ברוש,584,296,289
"3,710",ברכה,"2,926","1,499","1,427"
746,ברכיה,"1,252",655,596
667,ברעם,638,327,312
141,ברק,411,191,220
617,ברקאי,558,268,289
"3,654",ברקן,"1,933",970,963
"2,038",ברקת,"2,127","1,036","1,091"
"1,323",בת הדר,765,388,377
"1,361",בת חן,428,212,216
"1,319",בת חפר,"5,285","2,687","2,598"
"6,200",בת ים,"127,803","61,097","66,706"
"3,794",בת עין,"1,605",850,756
33,בת שלמה,659,332,327
872,גאולי תימן,363,188,175
379,גאולים,969,469,500
853,גאליה,968,501,467
352,גבולות,378,189,190
424,גבים,624,303,322
86,גבע,617,292,325
"3,763",גבע בנימין,"5,761","2,886","2,875"
683,גבע כרמל,"1,220",601,619
"2,014",גבעולים,410,201,209
"3,644",גבעון החדשה,"1,044",540,504
"1,344",גבעות בר,"1,245",626,619
"1,293",גבעת אבני,"2,084","1,046","1,038"
"1,288",גבעת אלה,"1,936",974,962
147,גבעת ברנר,"2,686","1,342","1,344"
870,גבעת השלושה,886,461,425
"3,730",גבעת זאב,"19,225","9,553","9,672"
207,"גבעת ח""ן",360,184,176
"2,018",גבעת חיים (איחוד),"1,192",576,616
173,גבעת חיים (מאוחד),"1,027",507,520
"4,021",גבעת יואב,740,360,380
787,גבעת יערים,"1,433",714,719
919,גבעת ישעיהו,812,390,422
802,"גבעת כ""ח",894,448,446
360,"גבעת ניל""י",712,365,346
703,גבעת עוז,466,242,224
681,גבעת שמואל,"27,249","13,548","13,701"
566,גבעת שמש,55,47,8
"1,077",גבעת שפירא,407,191,215
793,גבעתי,"1,048",525,523
"6,300",גבעתיים,"61,061","29,098","31,963"
342,גברעם,634,332,302
133,גבת,933,440,493
35,גדות,434,208,226
145,גדיש,412,207,204
442,גדעונה,496,236,260
"2,550",גדרה,"28,896","13,986","14,910"
852,גונן,353,167,186
755,גורן,413,221,192
"1,219",גורנות הגליל,206,108,98
457,גזית,769,371,398
370,גזר,292,139,153
706,גיאה,976,479,497
196,גיבתון,386,187,199
"1,043",גיזו,212,111,100
"1,204",גילון,"1,099",567,532
736,גילת,"1,493",777,716
262,גינוסר,580,261,319
92,גיניגר,669,338,331
863,גינתון,915,486,429
"1,206",גיתה,293,156,137
"3,613",גיתית,497,270,227
393,גלאון,595,292,303
"3,606",גלגל,217,96,121
346,גליל ים,541,259,282
369,גלעד (אבן יצחק),499,258,241
745,גמזו,"1,213",621,592
"1,072",גן הדרום,638,329,308
225,גן השומרון,842,417,425
239,גן חיים,815,403,413
734,גן יאשיה,"1,010",530,479
166,גן יבנה,"23,925","12,031","11,894"
"1,274",גן נר,"2,709","1,378","1,331"
311,גן שורק,701,361,340
144,גן שלמה,596,294,302
72,גן שמואל,942,456,486
836,גנות,592,290,302
549,גנות הדר,965,506,459
"1,103",גני הדר,357,181,177
"1,371",גני טל,898,471,427
862,גני יוחנן,607,312,296
"3,823",גני מודיעין,"2,716","1,349","1,367"
218,גני עם,233,114,119
229,גני תקווה,"21,551","10,478","11,073"
842,געש,874,437,437
463,געתון,694,348,345
39,גפן,414,220,194
"1,129",גרופית,242,123,119
"4,022",גשור,289,144,145
305,גשר,423,204,220
574,גשר הזיו,"1,624",807,817
340,גת (קיבוץ),929,464,466
128,גת רימון,322,168,154
146,דבורה,208,98,111
849,דבירה,"1,043",509,534
407,דברת,522,264,258
62,דגניה א',525,278,247
79,דגניה ב',672,345,327
"1,067","דוב""ב",478,242,235
"3,747",דולב,"1,513",710,803
738,דור,448,217,230
336,דורות,850,448,402
"2,200",דימונה,"35,269","17,522","17,747"
"2,063",דישון,339,171,167
300,דלייה,846,403,443
431,דלתון,866,450,417
303,דן,761,381,380
302,דפנה,987,481,506
"1,241",דקל,362,186,176
702,האון,177,80,97
675,הבונים,371,189,181
356,הגושרים,918,445,472
191,הדר עם,692,353,339
"9,700",הוד השרון,"64,489","31,360","33,129"
"1,322",הודיות,303,170,133
726,הודייה,590,275,316
"1,186",הושעיה,"2,095","1,044","1,051"
250,הזורע,921,440,482
307,הזורעים,"1,082",613,468
434,החותרים,874,428,446
684,היוגב,745,369,376
"1,208",הילה,579,291,288
377,המעפיל,860,424,435
677,הסוללים,963,495,468
423,העוגן,932,461,470
"3,769",הר אדר,"4,084","2,042","2,041"
"3,603",הר גילה,"1,627",796,831
"1,261",הר עמשא,220,110,111
464,הראל,258,133,125
"1,249",הרדוף,"1,105",537,569
"6,400",הרצלייה,"98,966","48,241","50,726"
"1,203",הררית,585,292,293
"3,639",ורד יריחו,360,182,178
"1,133",ורדון,272,135,138
815,זבדיאל,574,285,289
44,זוהר,356,196,160
584,זיקים,857,441,416
788,זיתן,"1,039",531,507
"9,300",זכרון יעקב,"23,437","11,520","11,918"
799,זכריה,"1,103",535,568
"1,065",זמרת,648,336,312
816,זנוח,541,288,253
"2,064",זרועה,500,256,244
818,זרחיה,740,373,367
235,חבצלת השרון,487,284,203
"1,110",חבר,676,334,342
717,חגור,"1,143",570,572
"3,764",חגי,676,368,308
205,חגלה,864,398,466
"4,026",חד-נס,854,459,394
618,חדיד,903,457,446
"6,500",חדרה,"98,908","48,579","50,330"
160,חולדה,"1,134",574,560
"6,600",חולון,"197,246","95,383","101,864"
"1,239",חולית,205,101,104
253,חולתה,705,352,353
662,חוסן,"1,176",583,593
115,חופית,801,398,403
374,חוקוק,602,310,292
355,חורשים,338,165,174
"1,047",חזון,296,144,152
219,חיבת ציון,806,412,394
"3,643",חיננית,"1,477",766,711
162,חירות,"1,267",606,661
"1,272",חלוץ,534,267,267
820,חלץ,478,250,227
801,"חמ""ד","1,317",772,545
343,חמדיה,404,197,207
"3,646",חמדת,310,177,133
"3,609",חמרה,259,82,176
807,חניאל,924,448,476
280,חניתה,746,359,387
"1,257",חנתון,992,502,490
"4,005",חספין,"2,007","1,382",625
363,חפץ חיים,557,276,280
90,חפצי-בה,723,328,396
700,חצב,"1,508",757,750
13,חצבה,694,350,344
406,חצור-אשדוד,648,322,326
"2,034",חצור הגלילית,"9,568","4,914","4,655"
397,חצרים,850,407,444
422,חרב לאת,930,586,343
"1,024",חרוצים,857,425,433
"1,247",חריש,"19,567","9,696","9,871"
"3,717",חרמש,229,120,110
"1,209",חרשים,356,174,182
"3,770",חשמונאים,"2,712","1,340","1,371"
"6,700",טבריה,"45,867","22,980","22,887"
663,טירת יהודה,"1,237",604,633
"2,100",טירת כרמל,"24,296","11,977","12,319"
268,טירת צבי,923,531,391
"1,181",טל-אל,"1,200",626,573
462,טל שחר,"1,391",704,687
"1,177",טללים,562,268,294
"3,788",טלמון,"4,882","2,472","2,409"
"3,743",טנא,925,484,442
"1,214",טפחות,509,311,197
"1,232",יבול,354,177,178
46,יבנאל,"4,332","2,161","2,171"
"2,660",יבנה,"49,836","24,802","25,034"
96,יגור,"1,636",809,827
798,יגל,907,439,467
577,יד בנימין,"4,253","2,166","2,087"
"1,134",יד השמונה,293,140,153
758,יד חנה,959,482,477
358,יד מרדכי,745,397,348
775,יד נתן,659,350,309
64,"יד רמב""ם","1,119",544,575
"1,144",ידידה,228,167,61
"9,400",יהוד-מונוסון,"30,020","14,716","15,304"
"1,158",יהל,233,119,115
"2,009",יובל,640,326,315
"1,226",יובלים,"1,088",530,558
"1,112",יודפת,907,465,442
"4,007",יונתן,770,328,442
803,יושיביה,700,359,341
452,יזרעאל,552,260,292
409,יחיעם,720,378,342
866,יטבתה,720,356,364
"3,607","ייט""ב",322,146,176
811,יכיני,725,368,357
753,ינוב,930,499,431
"2,011",ינון,"1,213",625,588
29,יסוד המעלה,"1,761",860,901
440,יסודות,992,636,357
575,יסעור,883,439,445
"1,138",יעד,695,351,344
"1,044",יעף,309,159,150
795,יערה,749,385,364
"3,566",יפית,218,106,112
134,יפעת,"1,204",613,592
453,יפתח,582,289,293
"3,749",יצהר,"1,838",995,843
759,יציץ,837,430,406
417,יקום,774,391,383
"3,647",יקיר,"2,368","1,184","1,184"
241,יקנעם (מושבה),"1,384",683,700
240,יקנעם עילית,"24,091","11,875","12,216"
623,יראון,403,203,200
"2,026",ירדנה,359,179,180
831,ירוחם,"10,773","5,723","5,050"
718,ירחיב,"1,096",560,536
183,ירקונה,368,178,190
916,ישע,426,218,208
805,ישעי,806,408,398
828,ישרש,991,507,484
"1,227",יתד,537,288,249
576,כברי,"1,068",521,547
371,כדורי,202,119,83
"1,338",כדיתה,190,105,85
"3,564",כוכב השחר,"2,450","1,324","1,125"
"1,224",כוכב יאיר,"8,735","4,401","4,334"
"3,779",כוכב יעקב,"9,116","4,341","4,775"
824,כוכב מיכאל,"1,090",578,512
"1,252",כורזים,335,156,179
"1,210",כחל,464,235,229
840,כיסופים,286,138,149
"1,153",כישור,213,129,84
"1,183",כליל,784,387,397
"1,229",כלנית,251,139,113
"1,291",כמהין,247,127,120
"1,201",כמון,"1,403",695,708
"2,006",כנות,454,249,205
"4,028",כנף,470,228,242
63,כנרת (מושבה),694,352,342
57,כנרת (קבוצה),694,347,347
859,כסלון,470,252,218
857,כפר אביב,835,420,415
"3,638",כפר אדומים,"4,785","2,437","2,348"
364,כפר אוריה,919,472,446
690,כפר אחים,888,444,444
220,כפר ביאליק,845,450,395
177,"כפר ביל""ו","1,269",645,624
357,כפר בלום,782,375,407
"2,010",כפר בן נון,732,365,367
132,כפר ברוך,615,316,299
106,כפר גדעון,335,177,158
427,כפר גלים,387,221,167
310,כפר גליקסון,347,169,178
76,כפר גלעדי,686,324,362
707,כפר דניאל,698,354,344
"3,796",כפר האורנים,"2,614","1,342","1,273"
192,כפר החורש,725,353,372
254,כפר המכבי,402,197,205
582,כפר הנגיד,"1,241",639,602
890,כפר הנוער הדתי,376,188,188
443,כפר הנשיא,961,471,490
187,כפר הס,"1,595",792,803
217,"כפר הרא""ה","1,475",874,601
888,"כפר הרי""ף",834,434,400
190,כפר ויתקין,"1,963",976,987
320,כפר ורבורג,"1,147",555,593
"1,263",כפר ורדים,"5,492","2,673","2,819"
"1,325",כפר זוהרים,148,118,30
786,כפר זיתים,796,455,341
696,"כפר חב""ד","6,733","3,465","3,268"
609,כפר חושן,791,409,382
255,כפר חיטים,606,327,279
193,כפר חיים,635,319,317
"1,297",כפר חנניה,762,392,370
112,כפר חסידים א',837,423,414
889,כפר חסידים ב',305,151,154
"4,004",כפר חרוב,455,244,211
673,כפר טרומן,875,432,443
233,כפר ידידיה,734,381,353
140,כפר יהושע,"1,223",602,621
168,כפר יונה,"26,182","13,019","13,164"
85,כפר יחזקאל,"1,214",621,593
170,כפר יעבץ,683,339,344
387,כפר מונש,941,458,482
"1,095",כפר מימון,419,215,204
98,"כפר מל""ל",325,165,160
274,כפר מנחם,"1,345",683,662
297,כפר מסריק,869,458,411
764,כפר מרדכי,656,321,336
316,כפר נטר,"1,158",563,596
345,כפר סאלד,689,339,350
"6,900",כפר סבא,"101,830","49,144","52,686"
107,כפר סילבר,399,196,203
249,כפר סירקין,"1,528",752,776
875,כפר עבודה,225,112,113
845,כפר עזה,742,384,358
"3,488",כפר עציון,"1,203",772,431
189,כפר פינס,"1,088",300,788
388,כפר קיש,663,344,319
579,כפר ראש הנקרה,"1,377",670,708
"1,130",כפר רוזנואלד (זרעית),244,126,118
295,כפר רופין,532,270,262
"1,166",כפר רות,272,141,130
605,כפר שמאי,574,292,282
743,כפר שמואל,958,488,471
267,כפר שמריהו,"1,925",943,982
47,כפר תבור,"4,400","2,174","2,227"
"3,572",כפר תפוח,"1,473",728,746
"1,285",כרכום,528,266,262
664,כרם בן זמרה,530,272,258
88,כרם בן שמן,82,41,40
"1,094",כרם יבנה (ישיבה),529,376,153
580,"כרם מהר""ל",783,401,382
"1,085",כרם שלום,191,101,91
"1,264",כרמי יוסף,"1,723",872,851
"3,766",כרמי צור,995,492,503
"1,374",כרמי קטיף,611,301,310
"1,139",כרמיאל,"46,122","22,480","23,642"
768,כרמייה,653,303,350
"1,198",כרמים,508,250,258
"3,656",כרמל,447,237,211
"1,207",לבון,721,365,356
585,לביא,615,307,308
"1,230",לבנים,426,206,221
"2,023",להב,658,312,346
380,להבות הבשן,912,448,463
715,להבות חביבה,"1,044",513,531
"1,271",להבים,"6,694","3,316","3,377"
52,לוזית,835,407,428
595,לוחמי הגיטאות,783,401,382
"1,171",לוטם,788,397,391
"1,255",לוטן,180,96,84
674,לימן,666,343,323
24,לכיש,791,410,381
"1,310",לפיד,"2,359","1,168","1,190"
"1,173",לפידות,130,60,70
"2,055",מאור,"1,436",721,714
102,מאיר שפיה,336,188,148
771,מבוא ביתר,"1,005",518,488
"3,569",מבוא דותן,478,243,235
"3,709",מבוא חורון,"2,686","1,423","1,264"
"4,204",מבוא חמה,473,231,242
"1,141",מבוא מודיעים,246,125,121
"1,318",מבואות ים,369,236,133
"1,080",מבועים,"1,245",613,632
829,מבטחים,465,239,226
573,מבקיעים,478,251,228
"1,015",מבשרת ציון,"24,247","12,017","12,231"
689,מגדים,"1,380",694,686
65,מגדל,"1,980","1,007",972
874,מגדל העמק,"25,722","12,775","12,946"
"3,561",מגדל עוז,576,247,330
"3,751",מגדלים,505,272,233
586,מגידו,848,420,428
375,מגל,"1,149",576,573
695,מגן,535,267,268
"1,155",מגן שאול,705,367,338
722,מגשימים,"1,089",549,541
"2,029",מדרך עוז,794,377,416
"1,140",מדרשת בן גוריון,"1,958",953,"1,005"
897,מדרשת רופין,226,131,95
"1,200",מודיעין-מכבים-רעות*,"94,657","46,829","47,829"
"3,797",מודיעין עילית,"77,967","39,232","38,735"
269,מולדת,"1,089",549,540
208,מוצא עילית,"1,230",593,638
"1,163",מורן,473,224,249
"1,178",מורשת,"1,544",762,782
606,מזור,"1,318",670,647
28,מזכרת בתיה,"15,093","7,450","7,643"
104,מזרע,802,388,415
"3,599",מחולה,629,307,322
"1,196",מחנה יתיר,293,138,155
308,מחניים,832,398,434
776,מחסיה,481,254,228
43,מטולה,"1,654",838,816
822,מטע,949,460,489
"1,128",מי עמי,364,187,176
"2,054",מיטב,459,246,213
"4,019",מיצר,289,134,155
"1,282",מירב,742,365,376
607,מירון,"1,076",472,604
731,מישר,806,401,405
"1,268",מיתר,"9,980","5,010","4,970"
"3,614",מכורה,178,92,86
382,מכמורת,"1,459",705,754
"1,202",מכמנים,576,282,294
164,מלאה,389,211,178
"2,044",מלילות,371,187,184
596,מלכייה,463,224,239
"1,154",מלכישוע,241,193,48
"2,030",מנוחה,640,326,314
"1,174",מנוף,864,418,446
"1,205",מנות,475,239,236
48,מנחמיה,"1,054",542,511
347,מנרה,259,142,117
"1,258",מסד,377,180,197
263,מסדה,354,173,181
298,מסילות,446,219,227
742,מסילת ציון,"1,244",609,635
748,מסלול,885,437,449
197,מעברות,992,494,497
"1,082",מעגלים,"2,080","1,042","1,038"
678,מעגן,383,193,190
694,מעגן מיכאל,"2,066","1,036","1,030"
272,מעוז חיים,489,256,233
"3,657",מעון,594,292,302
570,מעונה,978,497,481
416,מעיין ברוך,695,360,334
290,מעיין צבי,742,342,400
"3,616",מעלה אדומים,"37,846","18,525","19,321"
"3,608",מעלה אפרים,"1,255",665,590
"1,127",מעלה גלבוע,804,465,340
"4,008",מעלה גמלא,559,287,271
286,מעלה החמישה,819,398,421
"3,752",מעלה לבונה,946,385,561
"3,651",מעלה מכמש,"1,635",810,825
"3,653",מעלה עמוס,720,347,373
344,מענית,834,396,438
230,מעש,847,403,445
668,מפלסים,"1,034",514,520
"3,745",מצדות יהודה,602,331,271
325,מצובה,"1,153",582,571
757,מצליח,"1,347",698,649
58,מצפה,131,65,66
"1,222","מצפה אבי""ב","1,086",559,527
"1,370",מצפה אילן,725,356,369
"3,576",מצפה יריחו,"2,577","1,481","1,096"
"1,190",מצפה נטופה,"1,035",524,511
99,מצפה רמון,"5,185","2,852","2,333"
"3,610",מצפה שלם,244,143,100
648,מצר,389,187,202
22,מקווה ישראל,374,212,162
843,מרגליות,409,218,191
"4,101",מרום גולן,743,374,369
"1,340",מרחב עם,515,249,266
97,מרחביה (מושב),666,328,339
66,מרחביה (קיבוץ),"1,272",597,675
"1,098",מרכז שפירא,"2,467","1,422","1,044"
421,משאבי שדה,468,229,239
765,משגב דב,721,355,365
378,משגב עם,333,152,182
"3,605",משואה,180,92,88
620,משואות יצחק,708,325,383
"3,785",משכיות,333,178,155
670,משמר איילון,563,291,272
563,משמר דוד,"1,137",564,573
732,משמר הירדן,868,441,428
395,משמר הנגב,"1,034",517,517
130,משמר העמק,"1,284",620,664
729,משמר השבעה,"1,060",538,522
194,משמר השרון,622,312,311
213,משמרות,"1,117",554,563
425,משמרת,"1,044",507,537
791,משען,"1,071",552,518
"1,315",מתן,"3,632","1,827","1,805"
"1,184",מתת,220,117,103
"3,648",מתתיהו,898,540,358
"4,551",נאות גולן,637,322,315
"1,124",נאות הכיכר,442,235,207
408,נאות מרדכי,650,324,326
"1,197",נאות סמדר,228,114,114
396,נבטים,"1,054",524,529
315,נגבה,963,464,499
"3,724",נגוהות,376,198,179
309,נהורה,"1,184",602,583
80,נהלל,"1,180",594,586
"9,100",נהרייה,"59,156","28,757","30,399"
"4,304",נוב,995,427,568
55,נוגה,581,296,285
"1,366",נווה,"1,314",776,538
926,נווה אבות,50,20,31
590,נווה אור,350,186,165
"4,303","נווה אטי""ב",127,63,63
405,נווה אילן,986,462,524
296,נווה איתן,301,164,137
"3,725",נווה דניאל,"2,340","1,167","1,173"
"1,057",נווה זוהר,54,28,25
"1,314",נווה זיו,974,482,492
"1,279",נווה חריף,103,55,48
312,נווה ים,237,117,120
686,נווה ימין,"1,078",560,518
858,נווה ירק,"1,279",634,645
827,נווה מבטח,701,372,329
"1,071",נווה מיכאל,878,469,409
"3,573",נווה צוף,"1,494",716,778
15,נועם,363,191,172
"1,333",נוף איילון,"2,080",991,"1,089"
"3,790",נופים,949,475,474
"1,284",נופית,"2,597","1,326","1,271"
257,נופך,605,292,313
"3,726",נוקדים,"2,591","1,393","1,198"
447,נורדייה,"2,233","1,067","1,167"
833,נורית,213,106,107
59,נחושה,"1,496",770,726
844,נחל עוז,469,234,235
"2,045",נחלה,711,357,353
"3,767",נחליאל,735,384,352
449,נחלים,"1,848","1,139",709
809,נחם,548,271,276
433,נחשולים,695,314,381
777,נחשון,588,286,302
705,נחשונים,418,207,211
"1,147",נטועה,303,156,148
"4,014",נטור,871,558,314
"1,369",נטע,674,334,340
174,נטעים,627,308,319
"1,254",נטף,459,236,223
"3,655","ניל""י","1,848",956,892
351,ניצן,"2,573","1,170","1,403"
"1,419",ניצן ב',443,234,210
"1,195",ניצנה (קהילת חינוך),348,245,102
"1,280",ניצני סיני,286,134,152
851,ניצני עוז,"1,110",548,562
359,ניצנים,524,268,256
808,ניר אליהו,562,288,274
553,ניר בנים,745,370,375
720,ניר גלים,"1,408",743,666
256,ניר דוד (תל עמל),739,370,369
11,"ניר ח""ן",564,274,290
165,ניר יפה,725,364,361
402,ניר יצחק,640,328,312
699,ניר ישראל,888,431,457
"2,047",ניר משה,593,304,289
69,ניר עוז,386,192,194
348,ניר עם,644,336,308
769,ניר עציון,967,526,440
"2,048",ניר עקיבא,666,319,347
331,ניר צבי,"1,283",632,651
602,נירים,370,183,187
"1,236",נירית,936,470,466
825,נס הרים,"1,452",733,719
"1,143",נס עמים,429,237,192
"7,200",נס ציונה,"50,706","24,967","25,739"
186,נעורים,413,264,150
"3,787",נעלה,"2,343","1,187","1,156"
"3,713","נעמ""ה",169,88,81
158,נען,"1,761",876,884
"3,620",נערן,105,57,48
"1,372",נצר חזני,503,239,264
435,נצר סרני,909,453,456
"2,500",נשר,"24,039","11,664","12,375"
"3,555",נתיב הגדוד,222,110,112
693,"נתיב הל""ה",662,319,343
"1,242",נתיב העשרה,886,446,440
792,נתיב השיירה,492,247,245
246,נתיבות,"39,703","19,740","19,963"
"7,400",נתניה,"222,129","108,262","113,868"
578,סאסא,402,199,203
587,סביון*,"4,023","2,002","2,021"
"2,046",סגולה,732,375,357
"3,756",סוסיה,"1,237",648,589
"1,238",סופה,216,118,98
"3,567",סלעית,"1,409",725,684
"1,156",סמר,276,131,146
"3,777",סנסנה,577,302,274
419,סעד,845,396,449
454,סער,875,425,450
"1,176",ספיר,485,244,240
610,סתרייה,"1,102",556,546
892,עבדון,676,349,328
376,עברון,859,408,451
794,עגור,540,268,272
"1,199",עדי,"1,858",963,895
"2,035",עדנים,517,267,250
826,עוזה,433,244,189
737,עולש,"1,163",577,586
666,עומר,"7,570","3,749","3,821"
810,עופר,663,318,344
32,עוצם,727,450,277
328,עזוז,77,41,36
"1,149",עזר,807,413,394
837,עזריאל,866,453,412
711,עזריה,"1,246",654,592
817,עזריקם,"1,504",783,721
"3,658",עטרת,943,561,383
"1,175",עידן,393,196,198
156,עיינות,412,219,193
687,עין איילה,"1,151",573,578
273,עין גב,671,332,339
"2,042",עין גדי,591,305,286
436,עין דור,"1,045",525,520
"1,240",עין הבשור,"1,105",562,544
74,עין הוד,651,329,323
167,עין החורש,847,405,442
289,עין המפרץ,"1,258",605,653
383,"עין הנצי""ב",610,262,348
367,עין העמק,820,414,406
270,עין השופט,837,441,395
676,עין השלושה,367,191,175
157,עין ורד,"1,545",794,751
"4,503",עין זיוון,386,196,191
89,עין חרוד (איחוד),541,258,283
82,עין חרוד (מאוחד),777,373,404
806,עין יהב,771,393,378
813,עין יעקב,"1,185",585,600
"1,056","עין כרם-בי""ס חקלאי",162,81,81
426,עין כרמל,923,437,486
223,עין עירון,544,276,269
622,עין צורים,810,366,444
139,עין שמר,584,298,287
880,עין שריד,"1,614",822,793
"1,251",עין תמר,197,104,93
871,עינת,829,422,406
"1,146",עלומים,520,252,268
"3,765",עלי,"4,601","2,513","2,088"
"3,727",עלי זהב,"3,828","1,941","1,886"
688,עלמה,707,356,352
"3,715",עלמון,"1,440",740,700
"1,212",עמוקה,137,72,65
"3,824",עמיחי,208,105,103
779,עמינדב,"1,098",550,549
385,עמיעד,462,230,232
318,עמיעוז,204,103,101
773,עמיקם,770,376,394
319,עמיר,598,298,300
"3,660",עמנואל,"4,129","2,050","2,078"
708,עמקה,794,401,394
"3,712",ענב,925,465,460
"7,700",עפולה,"56,769","27,689","29,080"
"3,617",עפרה,"3,013","1,423","1,590"
"3,778",עץ אפרים,"2,460","1,253","1,207"
917,עצמון שגב,"1,165",581,584
"2,560",ערד,"27,208","13,343","13,865"
593,ערוגות,"1,155",600,555
591,עשרת,989,479,510
53,עתלית,"9,731","4,854","4,876"
"3,748",עתניאל,980,580,400
"1,151",פארן,508,256,252
"3,768",פדואל,"2,044","1,052",993
750,פדויים,519,274,245
838,פדיה,836,413,423
"1,104",פורייה - כפר עבודה,371,195,176
"1,105",פורייה - נווה עובד,"1,266",661,605
"1,313",פורייה עילית,"1,182",578,605
767,פורת,"1,278",681,597
749,פטיש,964,495,469
"1,185",פלך,182,99,83
597,פלמחים,745,374,371
"3,723",פני חבר,678,424,254
"3,659",פסגות,"2,037","1,000","1,037"
"2,059","פעמי תש""ז",572,281,291
"3,615",פצאל,322,172,150
281,פקיעין חדשה,584,270,313
"7,800",פרדס חנה-כרכור,"43,760","21,372","22,388"
171,פרדסייה,"6,641","3,373","3,268"
599,פרוד,608,306,302
"2,053",פרזון,363,174,189
"1,231",פרי גן,244,132,112
"7,900",פתח תקווה,"250,484","122,634","127,850"
839,פתחיה,851,439,412
413,צאלים,468,238,230
"1,180",צביה,336,159,176
"1,213",צבעון,304,165,139
465,צובה,613,311,303
"1,136",צוחר,469,234,235
"3,791",צופים,"2,433","1,212","1,221"
198,צופית,"1,319",666,653
"1,150",צופר,466,235,231
"1,102",צוקי ים,285,143,142
"1,262",צוקים,342,163,179
"1,113",צור הדסה,"11,584","5,750","5,834"
"1,345",צור יצחק,"6,584","3,237","3,347"
276,צור משה,"3,312","1,726","1,586"
"1,148",צור נתן,307,152,155
774,צוריאל,374,206,167
"1,221",צורית,917,486,432
613,ציפורי,985,487,497
796,צלפון,"1,075",539,536
594,צפרייה,"1,034",506,528
"1,079",צפרירים,412,204,208
"8,000",צפת,"36,061","18,320","17,741"
612,צרופה,"1,123",571,552
567,צרעה,939,459,480
334,קבוצת יבנה,965,485,480
"3,557",קדומים,"4,586","2,264","2,322"
195,קדימה-צורן,"22,717","11,327","11,390"
"4,025",קדמת צבי,512,264,248
"3,781",קדר,"1,619",808,811
615,קדרון,"1,604",790,814
"1,211",קדרים,289,137,152
766,קוממיות,551,314,237
"1,179",קורנית,922,471,451
"1,052",קטורה,488,240,248
"1,167",קיסריה,"5,561","2,791","2,770"
414,קלחים,656,329,326
"3,601",קליה,465,239,225
"4,024",קלע,336,177,159
"1,243",קציר,"2,951","1,450","1,501"
"4,100",קצרין,"7,500","3,654","3,846"
"2,620",קריית אונו,"40,834","19,843","20,992"
"3,611",קריית ארבע,"7,338","3,636","3,702"
"6,800",קריית אתא,"59,364","29,069","30,296"
"9,500",קריית ביאליק,"41,912","20,166","21,746"
"2,630",קריית גת,"58,482","28,874","29,608"
"2,300",קריית טבעון,"18,312","8,774","9,538"
"9,600",קריית ים,"39,459","18,773","20,686"
"1,137",קריית יערים,"6,238","3,271","2,967"
"2,039",קריית יערים (מוסד),165,97,68
"8,200",קריית מוצקין,"45,463","21,497","23,966"
"1,034",קריית מלאכי,"24,384","12,293","12,091"
"3,746",קריית נטפים,964,481,483
78,קריית ענבים,467,234,233
469,קריית עקרון,"11,077","5,482","5,595"
412,קריית שלמה,233,182,51
"2,800",קריית שמונה,"22,363","11,174","11,189"
"3,640",קרני שומרון,"9,417","4,763","4,654"
"4,006",קשת,842,454,389
"2,640",ראש העין,"67,624","33,844","33,780"
26,ראש פינה,"3,217","1,595","1,623"
"3,602",ראש צורים,947,468,478
"8,300",ראשון לציון,"256,053","125,607","130,447"
"3,795",רבבה,"2,786","1,367","1,419"
564,רבדים,818,408,409
354,רביבים,"1,084",560,524
"1,225",רביד,138,68,70
390,רגבה,"1,124",551,573
444,רגבים,506,251,255
"2,051",רווחה,562,282,280
"2,016",רוויה,444,220,225
"1,341",רוח מדבר,68,56,12
362,רוחמה,722,365,357
"3,619",רועי,170,90,80
"3,782",רותם,242,118,124
854,רחוב,403,208,195
"8,400",רחובות,"146,095","71,408","74,687"
"3,822",רחלים,906,457,449
"3,568",ריחן,352,188,164
"3,565",רימונים,698,353,344
616,רינתיה,"1,182",619,563
922,רכסים,"13,265","6,907","6,358"
"1,069",רם-און,986,511,476
"4,702",רמות,531,267,264
206,רמות השבים,"1,710",863,847
735,רמות מאיר,751,374,377
445,רמות מנשה,"1,212",613,599
372,רמות נפתלי,537,275,262
"8,600",רמת גן,"167,556","80,543","87,013"
135,רמת דוד,540,257,283
184,רמת הכובש,"1,151",550,600
335,רמת השופט,"1,125",563,562
"2,650",רמת השרון,"47,512","22,789","24,722"
178,רמת יוחנן,"1,016",513,503
122,רמת ישי,"7,897","3,912","3,985"
"4,701",רמת מגשימים,755,319,436
339,רמת צבי,748,378,370
460,רמת רזיאל,662,348,315
127,רמת רחל,562,277,285
789,רנן,717,360,357
713,רעים,427,207,221
"8,700",רעננה,"76,277","37,122","39,155"
"1,228",רקפת,"1,048",519,529
247,רשפון,"1,456",738,718
437,רשפים,"1,153",592,561
"1,260",רתמים,584,306,279
324,שאר ישוב,655,335,321
"1,377",שבי דרום,253,121,132
282,שבי ציון,"1,228",609,619
"3,571",שבי שומרון,"1,031",543,488
721,שדה אילן,648,321,326
304,שדה אליהו,705,366,339
861,שדה אליעזר,828,402,426
885,שדה בוקר,449,227,222
36,שדה דוד,588,297,291
284,שדה ורבורג,"1,442",732,710
293,שדה יואב,598,296,303
142,שדה יעקב,"1,096",589,507
"2,008",שדה יצחק,715,343,372
18,שדה משה,777,378,399
259,שדה נחום,913,452,461
329,שדה נחמיה,"1,265",603,662
"1,058",שדה ניצן,357,197,160
739,שדה עוזיהו,"1,598",810,787
"2,049",שדה צבי,653,340,313
327,שדות ים,"1,108",551,556
27,שדות מיכה,382,200,182
"1,223",שדי אברהם,360,193,167
"2,015",שדי חמד,982,495,487
"2,057",שדי תרומות,459,240,219
555,שדמה,591,288,303
306,שדמות דבורה,686,351,335
"3,578",שדמות מחולה,665,348,316
"1,031",שדרות,"29,074","15,010","14,064"
741,שואבה,613,296,317
761,שובה,704,365,340
394,שובל,846,428,419
"1,304",שוהם,"21,014","10,400","10,613"
614,שומרה,367,189,178
"1,265",שומרייה,836,489,347
415,שוקדה,606,307,299
456,שורש,"1,215",547,668
"1,235",שורשים,542,278,265
224,שושנת העמקים,491,262,229
527,שזור,326,181,145
7,שחר,895,459,435
"1,266",שחרות,172,87,86
865,שיבולים,286,135,150
"3,641",שילה,"4,483","2,233","2,250"
"1,165",שילת,787,405,382
"1,160",שכניה,802,416,385
873,שלווה,547,279,268
439,שלוחות,428,195,233
812,שלומי,"6,754","3,404","3,350"
"1,364",שלומית,394,200,194
366,שמיר,922,444,478
"3,784",שמעה,812,418,394
432,שמרת,640,308,332
"1,337",שמשית,"2,517","1,293","1,225"
"1,287",שני,547,286,262
"1,132",שניר,609,314,296
"4,009",שעל,305,157,148
856,שעלבים,"1,910","1,217",692
661,שער אפרים,"1,919",990,930
264,שער הגולן,541,256,285
237,שער העמקים,763,374,389
921,שער מנשה,527,357,170
"3,720",שערי תקווה,"6,056","3,052","3,004"
232,שפיים,"1,327",640,687
692,שפיר,923,461,462
846,שפר,442,220,222
"3,649",שקד,"1,017",526,491
"1,233",שקף,570,289,281
292,שרונה,573,294,279
"1,114",שריגים (לי-און),"1,062",558,504
126,שריד,899,452,447
398,שרשרת,335,171,164
"1,045",שתולה,286,153,132
763,שתולים,"2,091","1,052","1,039"
"2,062",תאשור,436,225,211
"2,061",תדהר,677,349,328
"1,172",תובל,314,159,155
"3,558",תומר,287,147,140
"1,083",תושייה,842,497,345
163,תימורים,762,373,390
10,תירוש,457,239,217
84,תל יוסף,559,288,271
287,תל יצחק,803,340,464
154,תל מונד,"13,492","6,807","6,686"
103,תל עדשים,"1,501",731,770
719,תל קציר,462,228,233
"1,283",תל תאומים,606,302,304
"3,719",תלם,478,260,218
"1,051",תלמי אליהו,322,165,156
"2,003",תלמי אלעזר,964,480,484
"2,050","תלמי ביל""ו",528,273,255
"1,237",תלמי יוסף,324,164,160
727,תלמי יחיאל,"1,021",495,525
744,תלמי יפה,813,376,437
814,תלמים,920,460,460
"1,244",תמרת,"1,274",625,649
"2,002",תנובות,830,427,403
752,תעוז,633,300,334
709,תפרח,"2,268","1,150","1,119"
665,תקומה,741,379,362
"3,563",תקוע,"4,168","2,105","2,063"
778,תרום,962,492,470
472,אבו גוש,"7,771","3,891","3,880"
473,אבו סנאן,"14,306","7,307","7,000"
"1,342",אבו קורינאת (יישוב),"1,994","1,031",963
"1,375",אבו תלול,"2,139","1,099","1,040"
652,אבטין,"2,887","1,472","1,415"
"2,710",אום אל-פחם,"56,777","28,947","27,829"
"2,024",אום אל-קוטוף,"1,151",595,555
"1,358",אום בטין,"4,489","2,233","2,256"
478,אכסאל,"14,939","7,721","7,218"
"1,339",אל -עזי,201,91,110
"1,316",אל -עריאן,189,104,85
"1,359",אל סייד,"6,084","3,226","2,858"
529,אעבלין,"13,547","6,815","6,732"
"6,000",באקה אל-גרביה,"30,457","15,408","15,049"
482,בועיינה-נוג'ידאת,"9,996","5,187","4,810"
"4,001",בוקעאתא,"6,665","3,410","3,255"
998,ביר אל-מכסור,"9,730","4,940","4,790"
"1,348",ביר הדאג',"6,012","2,996","3,016"
480,בית ג'ן,"12,151","6,127","6,024"
"1,326","בסמ""ה","10,259","5,257","5,001"
944,בסמת טבעון,"7,997","3,959","4,038"
483,בענה,"8,434","4,240","4,194"
"1,292",ג'דיידה-מכר,"21,336","10,737","10,599"
485,ג'ולס,"6,567","3,331","3,235"
627,ג'לג'וליה,"10,356","5,302","5,054"
541,ג'סר א-זרקא,"15,127","7,531","7,596"
487,ג'ש (גוש חלב),"3,127","1,537","1,591"
628,ג'ת,"12,269","6,220","6,049"
494,דאלית אל-כרמל,"17,866","9,087","8,779"
489,דבורייה,"10,682","5,443","5,238"
475,דחי,715,372,343
490,דייר אל-אסד,"12,734","6,531","6,203"
492,דייר חנא,"10,486","5,292","5,194"
493,דייר ראפאת,103,58,45
"1,317",דמיידה,536,278,258
"1,349",דריג'את,"1,275",671,604
"1,290",זמר,"7,252","3,674","3,578"
975,זרזיר,"8,275","4,193","4,082"
"1,321",ח'ואלד,710,351,359
"1,332",חוסנייה,801,403,398
"1,303",חורה,"23,103","11,653","11,450"
496,חורפיש,"6,490","3,271","3,218"
993,חמאם,"1,530",746,783
962,טובא-זנגרייה,"6,896","3,443","3,453"
498,טורעאן,"14,436","7,409","7,027"
"2,730",טייבה,"44,585","22,410","22,176"
497,טייבה (בעמק),"1,919",966,953
"2,720",טירה,"27,036","13,593","13,443"
"8,900",טמרה,"34,877","17,618","17,260"
547,טמרה (יזרעאל),"1,624",810,814
"1,295",יאנוח-ג'ת,"6,775","3,390","3,385"
499,יפיע,"19,301","9,776","9,524"
502,ירכא,"17,405","8,973","8,432"
504,כאבול,"14,243","7,208","7,035"
505,כאוכב אבו אל-היג'א,"3,668","1,826","1,842"
"1,367",כחלה,439,229,210
"1,331",כמאנה,"1,570",800,770
"1,059",כסיפה,"22,484","11,250","11,234"
"1,296",כסרא-סמיע,"8,965","4,563","4,402"
978,כעביה-טבאש-חג'אג'רה,"5,624","2,825","2,799"
633,כפר ברא,"3,754","1,870","1,884"
507,כפר יאסיף,"10,244","5,133","5,111"
508,כפר כמא,"3,426","1,705","1,722"
509,כפר כנא,"23,265","11,879","11,385"
510,כפר מנדא,"20,622","10,785","9,837"
512,כפר מצר,"2,778","1,448","1,330"
634,כפר קאסם,"24,256","12,430","11,827"
654,כפר קרע,"19,294","9,790","9,505"
"1,060",לקיה,"14,642","7,303","7,339"
516,מג'ד אל-כרום,"15,447","7,897","7,550"
"4,201",מג'דל שמס,"11,266","5,712","5,555"
481,מגאר,"23,275","12,005","11,270"
635,מוקייבלה,"4,135","2,086","2,049"
517,מזרעה,"3,998","2,025","1,973"
649,מייסר,"2,072","1,020","1,052"
"1,343",מכחול,994,490,503
994,מנשית זבדה,"1,424",712,713
"4,203",מסעדה,"3,753","1,912","1,841"
518,מעיליא,"3,270","1,623","1,647"
"1,327",מעלה עירון,"15,380","7,816","7,564"
520,משהד,"8,486","4,387","4,099"
524,נאעורה,"2,347","1,199","1,149"
522,נחף,"13,331","6,761","6,570"
523,ניין,"1,898",955,943
"7,300",נצרת,"77,792","38,867","38,925"
525,סאג'ור,"4,358","2,244","2,114"
942,סואעד (חמרייה)*,197,104,93
526,סולם,"2,640","1,320","1,320"
"7,500",סח'נין,"32,194","16,547","15,648"
"1,245",סלמה,"3,402","1,700","1,701"
"1,360",סעוה,"2,001",978,"1,023"
"4,501",ע'ג'ר,"2,702","1,364","1,339"
528,עוזייר,"3,364","1,765","1,599"
530,עיילבון,"5,787","2,934","2,853"
511,עילוט,"8,537","4,376","4,161"
546,עין אל-אסד,885,450,436
"1,320",עין חוד,315,160,155
532,עין מאהל,"13,568","6,880","6,689"
521,עין נקובא,"3,585","1,857","1,728"
"4,502",עין קנייא,"2,139","1,106","1,032"
514,עין ראפה,"1,251",626,625
534,עספיא,"12,613","6,354","6,259"
531,עראבה,"26,252","13,280","12,972"
"1,246",עראמשה*,"1,727",895,832
"1,335",ערב אל נעים,826,440,385
637,ערערה,"25,530","12,933","12,597"
"1,192",ערערה-בנגב,"18,952","9,486","9,466"
537,פוריידיס,"13,450","6,770","6,680"
535,פסוטה,"3,180","1,616","1,564"
536,פקיעין (בוקייעה),"5,975","3,050","2,925"
636,צנדלה,"1,670",849,821
638,קלנסווה,"23,512","12,033","11,479"
"1,347",קצר א-סר,"2,594","1,284","1,310"
543,ראמה,"7,792","3,914","3,878"
"1,334",ראס אל-עין,397,198,199
990,ראס עלי,652,334,319
"1,161",רהט,"73,768","36,958","36,811"
539,רומאנה,"1,239",672,566
997,רומת הייב,"2,093","1,059","1,034"
540,ריחאנייה,"1,218",623,595
542,ריינה,"19,141","9,763","9,378"
913,שבלי - אום אל-גנם,"6,151","3,098","3,053"
"1,286",שגב-שלום,"11,363","5,711","5,652"
658,שייח' דנון,"2,944","1,487","1,457"
538,שעב,"7,228","3,636","3,593"
"8,800",שפרעם,"42,509","21,394","21,116"
"1,054",תל שבע,"21,554","10,742","10,812"
"1,346",תרבין א-צאנע (יישוב)*,"1,183",652,531
"4,000",חיפה,"283,736","136,796","146,941"
"3,000",ירושלים,"951,149","475,543","475,606"
"7,000",לוד,"80,932","40,263","40,669"
"1,063",מעלות-תרשיחא,"22,122","11,047","11,075"
"1,259",נווה שלום,331,176,155
"1,061",נוף הגליל,"41,937","20,147","21,790"
"7,600",עכו,"49,503","24,494","25,009"
"8,500",רמלה,"76,987","39,077","37,910"
"5,000",תל אביב -יפו,"463,808","230,199","233,609"
