שם יישוב,סמל יישוב,מחוז,נפה,דת יישוב,סך הכל אוכלוסייה 2020,קואורדינטות,גובה ממוצע
אבו ג'ווייעד (שבט),967,6,62,3,,2040057100,
אבו גוש,472,1,11,2,7771,2105263481,686
אבו סנאן,473,2,24,2,14306,2161876289,71
אבו סריחאן (שבט),935,6,62,3,,1865057450,
אבו עבדון (שבט),958,6,62,3,,1850057900,
אבו עמאר (שבט),1042,6,62,3,,1950056700,
אבו עמרה (שבט),932,6,62,3,,1850057100,
אבו קורינאת (יישוב),1342,6,62,2,1994,1963656105,449
אבו קורינאת (שבט),968,6,62,3,,1970056000,
אבו רובייעה (שבט),966,6,62,3,,2050057200,
אבו רוקייק (שבט),961,6,62,3,,1920056600,
אבו תלול,1375,6,62,2,2139,1933456589,388
אבטין,652,3,31,2,2887,2109274077,48
אבטליון,1275,2,24,1,478,2332474908,360
אביאל,679,3,32,1,791,1996171533,53
אביבים,1115,2,21,1,474,2444177707,723
אביגדור,819,6,61,1,816,1757362428,64
אביחיל,175,4,41,1,1409,1880869527,37
אביטל,2052,2,23,1,495,2291271816,72
אביעזר,1070,1,11,1,864,2016662104,374
אבירים,1220,2,24,1,271,2271577149,560
אבן יהודה,182,4,41,1,14020,1894368642,36
אבן מנחם,1081,2,24,1,280,2278177545,604
אבן ספיר,783,1,11,1,711,2128463002,609
אבן שמואל,400,6,61,1,2238,1777860926,157
אבני איתן,4011,2,29,1,740,2719674774,381
אבני חפץ,3793,7,73,1,2080,2070768795,203
אבנת,3786,7,75,1,255,2414762075,-351
אבשלום,1311,6,62,1,323,1361956745,92
אדורה,3759,7,77,1,447,2016960665,637
אדירים,113,2,23,1,280,2257871719,71
אדמית,1068,2,24,1,246,2198477600,448
אדרת,1123,1,11,1,886,1995861868,429
אודים,446,4,41,1,1406,1858168580,11
אודם,4010,2,29,1,155,2702878880,1049
אוהד,1046,6,62,1,409,1458057199,131
אום אל-פחם,2710,3,32,2,56777,2145071403,310
אום אל-קוטוף,2024,3,32,2,1151,2055370835,140
אום בטין,1358,6,62,2,4489,1886757656,329
אומן,1108,2,23,1,468,2230271879,65
אומץ,680,4,41,1,829,1996769744,33
אופקים,31,6,62,1,32555,1637757969,142
אור הגנוז,1294,2,21,1,593,2421276783,731
אור הנר,67,6,61,1,788,1620260736,55
אור יהודה,2400,5,52,1,36770,1863465962,29
אור עקיבא,1020,3,32,1,19447,1927171271,15
אורה,780,1,11,1,1297,2145862906,800
אורון,1771,6,62,,,2014453557,356
אורות,2012,6,61,1,480,1749262782,51
אורטל,4013,2,29,1,349,2712077699,885
אורים,403,6,62,1,482,1545457936,95
אורנים,882,3,31,1,61,2104973529,75
אורנית,3760,7,73,1,8965,1995367087,125
אושה,278,3,31,1,557,2110474462,31
אזור,565,5,53,1,13332,1819465899,26
"אזור אילון מ""א 4",1852,2,24,,,2196077510,
"אזור אילון מ""א 52",1851,2,24,,,2266077360,
"אזור אילון של""ש",1853,2,24,,,2314076950,
"אזור אשדוד מ""א 29",1922,6,61,,,1726063970,
"אזור אשדוד מ""א 33",1921,6,61,,,1649062930,
"אזור אשדוד של""ש",1923,6,61,,,1681064050,
"אזור אשקלון מ""א 36",1924,6,61,,,1663061620,
"אזור אשקלון מ""א 37",1926,6,61,,,1637060210,
"אזור באר שבע מ""א 41",1937,6,62,,,1807058120,
"אזור באר שבע מ""א 51",1938,6,62,,,2240057100,
"אזור באר שבע של""ש",1939,6,62,,,1974056740,
"אזור בשור מ""א 38",1933,6,62,,,1457057060,
"אזור בשור מ""א 39",1935,6,62,,,1505059540,
"אזור בשור מ""א 42",1934,6,62,,,1608057600,
"אזור גלילות מ""א 19",1907,5,51,,,,
"אזור גרר מ""א 39",1931,6,62,,,1572058820,
"אזור גרר מ""א 41",1929,6,62,,,1725058920,
"אזור גרר מ""א 42",1930,6,62,,,1679059410,
"אזור זכרון יעקב מ""א 15",1866,3,32,,,2001072840,
"אזור זכרון יעקב של""ש",1867,3,32,,,2040072880,
"אזור חדרה מ""א 14",1873,3,32,,,2012070620,
"אזור חדרה מ""א 15",1872,3,32,,,1932070920,
"אזור חדרה מ""א 45",1871,3,32,,,1999071630,
"אזור חדרה של""ש",1874,3,32,,,2029069980,
"אזור חולון של""ש",1909,5,53,,,1817066000,
"אזור חיפה מ""א 12",1860,3,31,,,2104074200,
"אזור חיפה של""ש",1862,3,31,,,2088073220,
"אזור חצור מ""א 1",1813,2,21,,,2545075990,
"אזור חצור מ""א 55",1814,2,21,,,2584076640,
"אזור חצור של""ש",1815,2,21,,,2549076740,
"אזור יחיעם מ""א 2",1848,2,24,,,2386075990,
"אזור יחיעם מ""א 4",1846,2,24,,,2180076770,
"אזור יחיעם מ""א 52",1847,2,24,,,2283076610,
"אזור יחיעם מ""א 56",1849,2,24,,,2214075970,
"אזור יחיעם של""ש",1850,2,24,,,2325076540,
"אזור ים המלח מ""א 51",1942,6,62,,,2340056200,
"אזור יקנעם מ""א 13",1836,2,23,,,2121072800,
"אזור יקנעם מ""א 9",1835,2,23,,,2115073310,
"אזור כינרות מ""א 3",1805,2,22,,,2481074680,
"אזור כנרות מ""א 1",1816,2,22,,,2528075660,
"אזור כנרות מ""א 6",1817,2,22,,,2610074110,
"אזור כנרות של""ש",1818,2,22,,,,
"אזור כרמיאל מ""א 2",1843,2,24,,,2339075980,
"אזור כרמיאל מ""א 56",1844,2,24,,,2327075530,
"אזור כרמיאל של""ש",1845,2,24,,,2369075930,
"אזור לכיש מ""א 34",1919,6,61,,,1769061100,
"אזור לכיש מ""א 35",1917,6,61,,,1870061370,
"אזור לכיש מ""א 41",1920,6,61,,,1888059260,
"אזור לכיש מ""א 50",1918,6,61,,,1836060440,
"אזור מודיעין מ""א 25",1887,4,43,,,2311074610,
"אזור מודיעין מ""א 30",1890,4,43,,,2010069770,
"אזור מודיעין של""ש",1895,4,43,,,1833067310,
"אזור מלאכי מ""א 33",1911,6,61,,,1755063200,
"אזור מלאכי מ""א 34",1915,6,61,,,1766062160,
"אזור מלאכי מ""א 35",1913,6,61,,,1816062200,
"אזור מלאכי מ""א 50",1914,6,61,,,1780061800,
"אזור נהרייה מ""א 4",1855,2,24,,,2125076910,
"אזור נהרייה של""ש",1856,2,24,,,2131076190,
"אזור עכו מ""א 4",1858,2,24,,,2128075480,
"אזור עכו מ""א 56",1857,2,24,,,2128075670,
"אזור עכו של""ש",1859,2,24,,,2127075860,
"אזור פתח תקווה מ""א 20",1888,4,42,,,1933066570,
"אזור פתח תקווה מ""א 25",1886,4,42,,,1984065740,
"אזור פתח תקווה של""ש",1889,4,42,,,1921066200,
"אזור ראשל""צ מ""א 27",1903,4,44,,,1753064760,
"אזור ראשל""צ של""ש",1904,4,44,,,1755065150,
"אזור רחובות מ""א 28",1896,4,44,,,1803064000,
"אזור רחובות מ""א 29",1899,4,44,,,1721063800,
"אזור רחובות מ""א 30",1898,4,44,,,1843064140,
"אזור רחובות מ""א 31",1901,4,44,,,1832063450,
"אזור רחובות מ""א 32",1897,4,44,,,1745063800,
"אזור רחובות של""ש",1902,4,44,,,1721064500,
"אזור רמלה מ""א 25",1892,4,43,,,,
"אזור רמלה מ""א 30",1891,4,43,,,1891064330,
"אזור רמלה מ""א 40",1893,4,43,,,1865065340,
"אזור רמלה של""ש",1894,4,43,,,1850065140,
"אזור רמת גן של""ש",1908,5,52,,,1864066110,
"אזור שפרעם מ""א 56",1841,2,24,,,2266075010,
"אזור שפרעם מ""א 9",1840,2,24,,,2179074200,
"אזור שפרעם של""ש",1842,2,24,,,2183074930,
"אזור תל אביב של""ש",1905,5,51,,,,
אזור תעסוקה משגב(תרדיון),1724,2,24,,,2258775255,286
"אזור תעשיה אכסאל מ""א 9",1865,2,23,,,2325072360,
אזור תעשייה אכזיב (מילואות),1726,2,24,,,2105277464,8
אזור תעשייה נעמן (מילואות),1727,2,24,,,2091475412,7
אחווה,1157,6,61,1,322,1782162796,61
אחוזם,821,6,61,1,541,1782260687,169
אחוזת ברק,1330,2,23,1,2391,2320072762,156
אחיהוד,785,2,24,1,912,2165275698,47
אחיטוב,850,4,41,1,1080,1993269934,42
אחיסמך,804,4,43,1,1405,1914164919,69
אחיעזר,797,4,43,1,1978,1879365441,40
אטרש (שבט),965,6,62,3,,1940057520,
איבים,338,6,61,1,651,1629760477,84
אייל,716,4,42,1,535,1982667982,76
איילת השחר,77,2,21,1,1148,2541876990,171
אילון,294,2,24,1,1055,2206177423,288
אילון תבור*,1716,2,23,,,2343272675,231
אילות,1126,6,62,1,341,1960438820,70
אילנייה,49,2,22,1,488,2384773998,236
אילת,2600,6,62,1,52519,1941438506,164
אירוס,1336,4,44,1,729,1790064853,46
איתמר,3762,7,72,1,1285,2292167559,614
איתן,37,6,61,1,490,1761460898,156
איתנים,886,1,11,1,60,2091163181,749
אכסאל,478,2,23,2,14939,2307173191,125
אל -עזי,1339,6,61,2,201,1809962556,93
אל -עריאן,1316,3,32,2,189,2120271154,364
אל -רום,4003,2,29,1,416,2723278740,1049
אל סייד,1359,6,62,2,6084,1917857711,376
אלומה,1145,6,61,1,943,1757561777,84
אלומות,330,2,22,1,411,2515173475,30
אלון הגליל,1182,2,23,1,1144,2208574025,199
אלון מורה,3579,7,72,1,2010,2314668228,660
אלון שבות,3604,7,76,1,3071,2120261805,953
אלוני אבא,429,2,23,1,994,2162873720,148
אלוני הבשן,4017,2,29,1,447,2787077224,956
אלוני יצחק,868,3,32,1,299,2006271295,69
אלונים,285,2,23,1,522,2139173611,104
אלי-עד,4002,2,29,1,464,2691474572,368
אליאב,1365,6,61,1,603,1934260408,361
אליכין,41,4,41,1,3484,1931870156,31
אליפז,1248,6,62,1,147,2007841187,123
אליפלט,730,2,21,1,641,2515276149,333
אליקים,682,2,23,1,928,2065872642,228
אלישיב,204,4,41,1,723,1917069855,18
אלישמע,841,4,42,1,1204,1934267328,27
אלמגור,1125,2,22,1,417,2566875753,-24
אלמוג,3556,7,75,1,246,2437863294,-278
אלעד,1309,4,42,1,49167,1960566201,122
אלעזר,3618,7,76,1,2487,2135261872,925
אלפי מנשה,3750,7,73,1,7997,2014567558,183
אלקוש,603,2,24,1,269,2306077091,636
אלקנה,3560,7,73,1,3911,2036366868,228
אמונים,772,6,61,1,997,1694062801,31
אמירים,1064,2,21,1,876,2425676027,543
אמנון,1253,2,21,1,444,2537975663,10
אמציה,23,6,61,1,224,1918460450,360
אניעם,4012,2,29,1,515,2695476260,425
אסד (שבט),960,6,62,3,,1880058150,
אספר,3754,7,77,1,986,2178461041,926
אעבלין,529,2,24,2,13547,2176574799,87
אעצם (שבט),963,6,62,3,,1910056100,
אפיניש (שבט),959,6,62,3,,1990058000,
אפיק,4301,2,29,1,345,2660674275,339
אפיקים,176,2,22,1,1501,2544973191,-199
אפק,313,2,24,1,728,2122974931,24
אפרת,3650,7,76,1,11405,2150761920,840
ארבל,701,2,22,1,748,2456474646,46
ארגמן,3598,7,75,1,133,2495167550,-181
ארז,714,6,61,1,585,1588860773,41
אריאל,3570,7,73,1,19582,2178666790,520
ארסוף,1324,4,41,1,184,1828768007,39
אשבול,71,6,62,1,646,1682759518,168
אשבל,1276,2,24,1,139,2288975354,269
אשדוד,70,6,61,1,226154,1669063377,22
אשדות יעקב (איחוד),199,2,22,1,1016,2547172936,-200
אשדות יעקב (מאוחד),188,2,22,1,583,2550172977,-200
אשחר,1188,2,24,1,965,2284675455,363
אשכולות,3722,7,77,1,588,1907558887,564
אשל הנשיא,2021,6,62,1,139,1711958167,192
אשלים,1152,6,62,1,666,1712654161,327
אשקלון,7100,6,61,1,146519,1596861983,36
אשרת,1256,2,24,1,563,2148876406,61
אשתאול,740,1,11,1,1253,2009563206,281
באקה אל-גרביה,6000,3,32,2,30457,2041570285,68
באר אורה,21,6,62,1,1140,1983840253,108
באר גנים,1376,6,61,1,1763,1629862324,31
באר טוביה,155,6,61,1,1301,1739062698,53
באר יעקב,2530,4,43,1,29015,1849365000,66
באר מילכה,1278,6,62,1,193,1432753827,217
באר שבע,9000,6,62,1,210595,1795757361,291
בארות יצחק,450,4,42,1,469,1916866088,51
בארותיים,697,4,41,1,1143,1986469199,35
בארי,399,6,62,1,1040,1516059265,88
בוסתן הגליל,559,2,24,1,1302,2080176185,7
בועיינה-נוג'ידאת,482,2,25,2,9996,2348174591,216
בוקעאתא,4001,2,29,2,6665,2730078972,1096
בורגתה,698,4,41,1,1136,1966969241,28
בחן,2043,4,41,1,1115,2021069538,64
בטחה,762,6,62,1,794,1650258264,120
"בי""ס אזורי מקיף (אשר)",1725,2,24,,,2144276829,73
ביצרון,234,6,61,1,1234,1744563381,55
ביר אל-מכסור,998,2,24,2,9730,2211274310,243
ביר הדאג',1348,6,62,2,6012,1714654845,288
בירייה,368,2,21,1,816,2471076480,810
בית אורן,317,3,32,1,541,2007573739,357
בית אל,3574,7,74,1,5684,2212164986,853
בית אלעזרי,562,4,44,1,1557,1814663909,43
בית אלפא,95,2,23,1,1179,2407871366,-83
בית אריה-עופרים,3652,7,74,1,5351,2048666000,296
בית ברל,1076,4,42,1,226,1932267865,69
בית ג'ן,480,2,24,2,12151,2356776325,901
בית גוברין,619,6,61,1,436,1901861345,265
בית גמליאל,571,4,44,1,1025,1775164051,30
בית דגן,466,4,43,1,7299,1840765643,34
בית הגדי,723,6,62,1,842,1626059275,148
בית הלוי,373,4,41,1,827,1937569557,18
בית הלל,322,2,21,1,789,2568779040,87
בית העמק,572,2,24,1,713,2138176405,47
בית הערבה,3645,7,75,1,398,2452263505,-301
בית השיטה,242,2,23,1,1261,2415671754,-27
בית זיד,353,2,23,1,78,2110773411,108
בית זית,710,1,11,1,1683,2154163215,596
בית זרע,143,2,22,1,599,2540573277,-200
בית חולים פוריה,1712,2,22,,,2509473984,195
בית חורון,3575,7,74,1,1454,2121064280,630
בית חירות,877,4,41,1,905,1878069841,20
בית חלקיה,2033,4,44,1,1407,1822563335,66
בית חנן,159,4,44,1,526,1786964904,39
בית חנניה,800,3,32,1,914,1932771490,10
בית חשמונאי,1050,4,43,1,2192,1924564399,104
בית יהושע,288,4,41,1,1080,1875268523,23
בית יוסף,265,2,23,1,485,2520671839,-231
בית ינאי,200,4,41,1,370,1873769865,16
בית יצחק-שער חפר,326,4,41,1,2136,1899269342,27
בית לחם הגלילית,430,2,23,1,837,2181773782,160
בית מאיר,751,1,11,1,817,2035663349,575
בית נחמיה,784,4,43,1,889,1958765375,82
בית ניר,16,6,61,1,608,1879961738,240
בית נקופה,672,1,11,1,739,2120163464,660
בית עובד,202,4,44,1,257,1787064773,31
בית עוזיאל,301,4,43,1,645,1911464200,132
בית עזרא,756,6,61,1,1106,1674262732,44
בית עריף,604,4,43,1,1189,1939465589,59
בית צבי,212,3,32,1,314,1974473615,41
בית קמה,598,6,62,1,1423,1773159525,238
בית קשת,365,2,22,1,695,2372373602,187
בית רבן,848,4,44,1,931,1744963615,54
בית רימון,1162,2,23,1,866,2310474304,396
בית שאן,9200,2,23,1,18705,2469671125,-131
בית שמש,2610,1,11,1,132544,1990062669,302
בית שערים,248,2,23,1,788,2169973357,74
בית שקמה,747,6,61,1,893,1628461632,53
ביתן אהרן,252,4,41,1,138,1880069686,25
ביתר עילית,3780,7,76,1,61125,2107462248,701
בלפוריה,94,2,23,1,543,2280972620,86
בן זכאי,760,4,44,1,1135,1744464050,31
בן עמי,712,2,24,1,777,2119076783,28
בן שמן (כפר נוער),1084,4,43,1,671,1932665185,69
בן שמן (מושב),2013,4,43,1,873,1928365110,65
בני ברק,6100,5,52,1,208793,1845566599,27
בני דקלים,1368,6,61,1,1426,1924560284,390
בני דרום,592,4,44,1,925,1708963652,35
בני דרור,386,4,41,1,1209,1907168542,33
בני יהודה,4015,2,29,1,1120,2648874494,345
בני נצרים,1363,6,62,1,820,1346156141,99
בני עטרות,448,4,42,1,958,1920265901,52
"בני עי""ש",1066,4,44,1,6925,1774163306,75
בני ציון,418,4,41,1,1349,1877968066,38
בני ראם,588,4,44,1,1428,1803363099,64
בניה,685,4,44,1,780,1767263908,32
בנימינה-גבעת עדה*,9800,3,32,1,15925,1966971417,35
"בסמ""ה",1326,3,32,2,10259,2100771513,235
בסמת טבעון,944,2,23,2,7997,2148073834,189
בענה,483,2,24,2,8434,2258875935,258
בצרה,389,4,41,1,1202,1886968001,26
בצת,589,2,24,1,306,2129677511,29
בקוע,864,1,11,1,790,1930663736,149
בקעות,3612,7,75,1,192,2428968327,79
"בקעת נטופה מ""א 56",1854,2,24,,,2546075680,
"בקעת תירען מ""א 3",1884,2,23,,,2334074370,
בר-לב,1728,2,24,,,2179175689,69
בר גיורא,823,1,11,1,696,2069462636,695
בר יוחאי,1191,2,21,1,1088,2423176694,712
ברוכין,3744,7,73,1,1478,2086866535,381
ברור חיל,428,6,61,1,1002,1665060742,73
ברוש,2060,6,62,1,584,1650958666,129
ברכה,3710,7,72,1,2926,2251867768,846
ברכיה,746,6,61,1,1252,1645461979,43
ברעם,667,2,24,1,638,2409177367,724
ברק,141,2,23,1,411,2251371652,72
ברקאי,617,3,32,1,558,2030170904,65
ברקן,3654,7,73,1,1933,2101566821,441
ברקת,2038,4,42,1,2127,1948865814,81
בת הדר,1323,6,61,1,765,1618161736,58
בת חן,1361,4,41,1,428,1881869630,35
בת חפר,1319,4,41,1,5285,2014969329,56
בת ים,6200,5,53,1,127803,1765265859,22
בת עין,3794,7,76,1,1605,2096361842,804
בת שלמה,33,3,32,1,659,2005972292,90
בתי זיקוק - קישון,1736,3,31,,,2057074449,3
ג'דיידה-מכר,1292,2,24,2,21336,2140675939,38
ג'ולס,485,2,24,2,6567,2174876080,111
ג'לג'וליה,627,4,42,2,10356,1957367322,37
ג'נאביב (שבט),976,6,62,3,,2030056900,
ג'סר א-זרקא,541,3,32,2,15127,1919671585,11
ג'ש (גוש חלב),487,2,21,2,3127,2419976974,744
ג'ת,628,3,32,2,12269,2036070065,56
גאולי תימן,872,4,41,1,363,1909769986,11
גאולים,379,4,41,1,969,1950268938,55
"גאון הירדן מ""א 3",1963,2,22,,,,
גאליה,853,4,44,1,968,1779264365,22
גבולות,352,6,62,1,378,1490356905,131
גבים,424,6,61,1,624,1617060180,116
גבע,86,2,23,1,617,2351971912,11
גבע בנימין,3763,7,74,1,5761,2262163967,571
גבע כרמל,683,3,32,1,1220,1960372982,22
גבעולים,2014,6,62,1,410,1611658959,120
גבעון החדשה,3644,7,74,1,1044,2150863946,796
גבעות בר,1344,6,62,1,1245,1768358505,229
גבעת אבני,1293,2,22,1,2084,2414274234,283
גבעת אלה,1288,2,23,1,1936,2232973632,262
גבעת ברנר,147,4,44,1,2686,1812764167,59
גבעת השלושה,870,4,42,1,886,1927566726,29
גבעת זאב,3730,7,74,1,19225,2159164034,730
"גבעת ח""ן",207,4,42,1,360,1883167498,62
גבעת חביבה,1740,3,32,,,2022770712,51
גבעת חיים (איחוד),2018,4,41,1,1192,1938370064,22
גבעת חיים (מאוחד),173,4,41,1,1027,1937069975,20
גבעת יואב,4021,2,29,1,740,2641674503,312
גבעת יערים,787,1,11,1,1433,2088163269,694
גבעת ישעיהו,919,1,11,1,812,1948961988,298
"גבעת כ""ח",802,4,42,1,894,1940765983,69
"גבעת ניל""י",360,3,32,1,712,2041471707,135
גבעת עוז,703,2,23,1,466,2189071785,114
גבעת שמואל,681,4,42,1,27249,1860266489,48
גבעת שמש,566,1,11,1,55,1955163138,253
גבעת שפירא,1077,4,41,1,407,1886069600,37
גבעתי,793,6,61,1,1048,1698062683,37
גבעתיים,6300,5,52,1,61061,1822166429,42
גברעם,342,6,61,1,634,1632461117,86
גבת,133,2,23,1,933,2202173114,93
גדות,35,2,21,1,434,2582576941,117
גדיש,145,2,23,1,412,2232471831,66
גדעונה,442,2,23,1,496,2339771717,-10
גדרה,2550,4,44,1,28896,1792663560,57
"גולן דרומי מ""א 71",1966,2,29,,,2704074680,
"גולן צפוני מ""א 71",1962,2,29,,,2709077860,
"גולן תיכון מ""א 71",1964,2,29,,,2670076100,
גונן,852,2,21,1,353,2607478109,89
גורן,755,2,24,1,413,2224377349,367
גורנות הגליל,1219,2,24,1,206,2236377386,388
גזית,457,2,23,1,769,2422172722,129
גזר,370,4,43,1,292,1925264268,122
גיאה,706,6,61,1,976,1624261519,54
גיבתון,196,4,44,1,386,1811964406,42
גיזו,1043,1,11,1,212,1943163471,196
גילון,1204,2,24,1,1099,2225075645,293
גילת,736,6,62,1,1493,1668758193,136
גינוסר,262,2,22,1,580,2493075035,-203
גיניגר,92,2,23,1,669,2244072994,107
גינתון,863,4,43,1,915,1919965223,57
גיתה,1206,2,24,1,293,2236176356,430
גיתית,3613,7,75,1,497,2375966764,301
גלאון,393,6,61,1,595,1856061576,199
גלגל,3606,7,75,1,217,2424165627,-248
גליל ים,346,5,51,1,541,1842067381,43
"גליל עליון מז מ""א 1",1809,2,21,,,2362077180,
"גליל עליון מז מ""א 2",1811,2,21,,,2438076690,
"גליל עליון מז מ""א 55",1810,2,21,,,2508077340,
"גליל עליון מז של""ש",1812,2,21,,,2385076890,
"גליל תחתון מז מ""א 2",1820,2,22,,,2419075400,
"גליל תחתון מז מ""א 3",1819,2,22,,,2426074060,
"גליל תחתון מז מ""א 6",1821,2,22,,,2484072760,
"גליל תחתון מז של""ש",1822,2,22,,,2416075000,
גלעד (אבן יצחק),369,2,23,1,499,2074371811,185
"גמ""ל מחוז דרום",1997,6,62,,,,
גמזו,745,4,43,1,1213,1945464834,105
גן הדרום,1072,4,44,1,638,1717663473,39
גן השומרון,225,3,32,1,842,2000870764,44
גן חיים,239,4,42,1,815,1912867798,61
גן יאשיה,734,4,41,1,1010,1996469519,32
גן יבנה,166,4,44,1,23925,1724863297,39
גן נר,1274,2,23,1,2709,2320271533,156
גן שורק,311,4,44,1,701,1775365029,37
גן שלמה,144,4,44,1,596,1810764287,45
גן שמואל,72,3,32,1,942,1955870649,23
גנות,836,4,43,1,592,1839465836,27
גנות הדר,549,4,41,1,965,1908469192,49
גני הדר,1103,4,43,1,357,1862764289,89
גני טל,1371,4,44,1,898,1803963293,78
גני יוחנן,862,4,44,1,607,1848064064,63
גני מודיעין,3823,7,74,1,2716,2017564847,236
גני עם,218,4,42,1,233,1908667313,33
גני תקווה,229,4,42,1,21551,1883666302,74
געש,842,4,41,1,874,1836668178,29
געתון,463,2,24,1,694,2204676792,345
גפן,39,1,11,1,414,1885762761,159
גרופית,1129,6,62,1,242,2059442806,118
גשור,4022,2,29,1,289,2674574724,348
גשר,305,2,23,1,423,2520072518,-199
גשר הזיו,574,2,24,1,1624,2107977153,20
גת (קיבוץ),340,6,61,1,929,1805861511,140
גת רימון,128,4,42,1,322,1888366395,68
דאלית אל-כרמל,494,3,31,2,17866,2050573325,419
דבורה,146,2,23,1,208,2250471761,69
דבורייה,489,2,23,2,10682,2351373300,158
דבירה,849,6,62,1,1043,1831659134,306
דברת,407,2,23,1,522,2330672817,170
דגניה א',62,2,22,1,525,2541873489,-200
דגניה ב',79,2,22,1,672,2542173403,-199
"דוב""ב",1067,2,24,1,478,2383977297,768
דולב,3747,7,74,1,1513,2127464816,556
דור,738,3,32,1,448,1929172372,4
דורות,336,6,61,1,850,1663160175,105
דחי,475,2,23,2,715,2325872519,415
דייר אל-אסד,490,2,24,2,12734,2254176009,465
דייר חנא,492,2,24,2,10486,2348075200,226
דייר ראפאת,493,1,11,2,103,1950863156,247
דימונה,2200,6,62,1,35269,2033055318,453
דישון,2063,2,21,1,339,2488277637,442
דלייה,300,2,23,1,846,2072972171,201
דלתון,431,2,21,1,866,2460576912,806
דמיידה,1317,2,24,2,537,2216374673,201
דן,303,2,21,1,761,2612479393,175
דפנה,302,2,21,1,987,2599179280,141
דקל,1241,6,62,1,362,1377356740,103
"דרום השרון מ""א 18",1881,4,42,,,,
"דרום השרון מ""א 20",1882,4,42,,,1899068100,
"דרום השרון של""ש",1885,4,42,,,1960067130,
דרום יהודה,1998,7,77,,,,
דריג'את,1349,6,62,2,1275,2072057882,557
האון,702,2,22,1,177,2585973681,-188
הבונים,675,3,32,1,371,1939572694,17
הגושרים,356,2,21,1,918,2585379177,99
הדר עם,191,4,41,1,692,1909169506,27
הוד השרון,9700,4,42,1,64489,1901867323,37
הודיות,1322,2,22,1,303,2410774379,284
הודייה,726,6,61,1,590,1660062041,52
הוואשלה (שבט),1169,6,62,3,,2020055900,
הוזייל (שבט),956,6,62,3,,1762059080,
הושעיה,1186,2,23,1,2095,2276174046,221
הזורע,250,2,23,1,921,2114872773,65
הזורעים,307,2,22,1,1082,2473873908,-61
החותרים,434,3,32,1,874,1962473978,15
היוגב,684,2,23,1,745,2194972416,86
הילה,1208,2,24,1,579,2231777125,490
המעפיל,377,4,41,1,860,1985969829,33
המרכז למחקר-נחל שורק,1751,4,44,,,1718164583,21
הסוללים,677,2,23,1,963,2225673956,171
העוגן,423,4,41,1,932,1930669651,15
"הערבה מ""א 51",1944,6,62,,,,
"הערבה מ""א 53",1945,6,62,,,2062043180,
"הערבה מ""א 54",1946,6,62,,,2159050670,
הר אדר,3769,7,74,1,4084,2123263711,826
"הר אלכסנדר מ""א 14",1869,3,32,,,2050071490,
"הר אלכסנדר מ""א 45",1868,3,32,,,2009071920,
"הר אלכסנדר של""ש",1870,3,32,,,2105071460,
הר גילה,3603,7,76,1,1627,2163962544,889
"הר הנגב הדרומי מ""א 48",1953,6,62,,,1851048010,
"הר הנגב הדרומי מ""א 53",1951,6,62,,,1883044330,
"הר הנגב הדרומי מ""א 54",1952,6,62,,,2040048240,
"הר הנגב הצפוני מ""א 48",1948,6,62,,,1728052230,
"הר הנגב הצפוני מ""א 51",1949,6,62,,,2189054410,
"הר הנגב הצפוני מ""א 53",1947,6,62,,,1658047710,
"הר הנגב הצפוני מ""א 54",1950,6,62,,,2054052480,
הר עמשא,1261,6,62,1,220,2097158352,813
הראל,464,1,11,1,258,1953163517,199
הרדוף,1249,2,23,1,1105,2165274100,206
"הרי יהודה מ""א 26",1801,1,11,,,2067063030,
"הרי יהודה של""ש",1802,1,11,,,,
הרי נצרת-תירען,1823,2,23,,,2351073910,
"הרי נצרת-תירען מ""א 9",1839,2,23,,,2227073890,
הרצלייה,6400,5,51,1,98966,1845367521,38
הררית,1203,2,24,1,585,2346375011,477
השומרון,1999,7,71,,,2235665137,
ורד יריחו,3639,7,75,1,360,2411063710,-157
ורדון,1133,6,61,1,272,1793861911,100
זבארגה (שבט),2742,6,62,3,,2032057170,
זבדיאל,815,6,61,1,574,1773161858,90
זוהר,44,6,61,1,356,1708861156,117
זיקים,584,6,61,1,857,1546761323,24
זיתן,788,4,43,1,1039,1897765366,40
זכרון יעקב,9300,3,32,1,23437,1958171960,78
זכריה,799,1,11,1,1103,1948662416,266
זמר,1290,4,41,2,7252,2035069681,86
זמרת,1065,6,62,1,648,1574959529,122
זנוח,816,1,11,1,541,2000062667,291
זרועה,2064,6,62,1,500,1642959642,134
זרזיר,975,2,23,2,8275,2211273670,183
זרחיה,818,6,61,1,740,1759462110,72
ח'ואלד,1321,3,31,2,710,2131074174,65
ח'ואלד (שבט),986,2,25,3,,2150174051,
חבצלת השרון,235,4,41,1,487,1872969635,23
חבר,1110,2,23,1,676,2250871708,71
חגור,717,4,42,1,1143,1951767159,35
חגי,3764,7,77,1,676,2076160011,853
חגלה,205,4,41,1,864,1932769927,19
חד-נס,4026,2,29,1,854,2604175924,-10
חדיד,618,4,43,1,903,1936865290,66
חדרה,6500,3,32,1,98908,1925470466,19
חוג'ייראת (ד'הרה) (שבט),948,2,24,3,,2278574887,
חולדה,160,4,43,1,1134,1889863766,119
חולון,6600,5,53,1,197246,1792565823,34
חולית,1239,6,62,1,205,1357357134,76
חולתה,253,2,21,1,705,2573277301,81
חוסן,662,2,24,1,1176,2280776697,477
חוסנייה,1332,2,24,2,801,2302975616,292
"חוף הכרמל מ""א 15",1864,3,32,,,1947072760,
חופית,115,4,41,1,801,1883769905,16
חוקוק,374,2,22,1,602,2466775401,5
חורה,1303,6,62,2,23103,1938957840,416
חורפיש,496,2,24,2,6490,2327376917,677
חורשים,355,4,42,1,338,1974467160,79
חזון,1047,2,21,1,296,2372775686,443
חיבת ציון,219,4,41,1,806,1919970042,29
חיננית,3643,7,71,1,1477,2159770970,396
חיפה,4000,3,31,4,283736,2011274544,98
חירות,162,4,41,1,1267,1921568300,60
חלוץ,1272,2,24,1,534,2295476170,734
חלץ,820,6,61,1,478,1676360965,79
"חמ""ד",801,4,43,1,1317,1849965847,26
חמאם,993,2,22,2,1530,2461974838,-107
חמדיה,343,2,23,1,404,2490971407,-169
חמדת,3646,7,75,1,310,2497768423,148
חמרה,3609,7,75,1,259,2412967837,-46
חניאל,807,4,41,1,924,1954169328,31
חניתה,280,2,24,1,746,2166577698,338
חנתון,1257,2,23,1,992,2232574324,188
חספין,4005,2,29,1,2007,2746775022,419
חפץ חיים,363,4,44,1,557,1811563304,76
חפצי-בה,90,2,23,1,723,2400871389,-74
חצב,700,6,61,1,1508,1782763212,62
חצבה,13,6,62,1,694,2266751976,-156
חצור-אשדוד,406,6,61,1,648,1735963120,44
חצור הגלילית,2034,2,21,1,9569,2511776534,431
חצרים,397,6,62,1,850,1726857216,240
חרב לאת,422,4,41,1,930,1923970091,28
חרוצים,1024,4,41,1,857,1874468161,45
חריש,1247,3,32,1,19567,2044270746,114
"חרמון מ""א 71",1960,2,29,,,2685079910,
חרמש,3717,7,71,1,229,2114170327,238
חרשים,1209,2,24,1,356,2310076241,815
חשמונאים,3770,7,74,1,2712,2023664872,252
טבריה,6700,2,22,1,45867,2493774370,11
טובא-זנגרייה,962,2,21,2,6896,2556276342,294
טורעאן,498,2,25,2,14436,2354674243,244
טייבה,2730,4,41,2,44585,2008068569,64
טייבה (בעמק),497,2,23,2,1919,2420372335,103
טירה,2720,4,41,2,27036,1958168225,61
טירת יהודה,663,4,42,1,1237,1938865787,57
טירת כרמל,2100,3,31,1,24296,1976774079,44
טירת צבי,268,2,23,1,923,2499570302,-219
טל-אל,1181,2,24,1,1200,2170275899,115
טל שחר,462,1,11,1,1391,1908863475,118
טללים,1177,6,62,1,562,1779654464,361
טלמון,3788,7,74,1,4882,2128164953,560
טמרה,8900,2,24,2,34877,2180675104,93
טמרה (יזרעאל),547,2,23,2,1624,2381772670,219
טנא,3743,7,77,1,925,1959158706,554
טפחות,1214,2,21,1,509,2398375265,82
יאנוח-ג'ת,1295,2,24,2,6775,2232476507,466
יבול,1232,6,62,1,354,1349756676,85
יבנאל,46,2,22,1,4332,2475073496,14
יבנה,2660,4,44,1,49836,1752164277,31
יגור,96,3,31,1,1636,2075373859,17
יגל,798,4,43,1,907,1887165509,40
יד בנימין,577,4,44,1,4253,1832563395,62
יד השמונה,1134,1,11,1,293,2086063517,677
יד חנה,758,4,41,1,959,2007869249,53
יד מרדכי,358,6,61,1,745,1581461092,42
יד נתן,775,6,61,1,659,1721361788,76
"יד רמב""ם",64,4,43,1,1119,1907264528,82
ידידה,1144,1,11,1,228,2100963561,726
יהוד-מונוסון,9400,4,42,1,30020,1893966002,40
יהל,1158,6,62,1,233,2121144384,194
יובל,2009,2,21,1,640,2561279464,244
יובלים,1226,2,24,1,1088,2256175375,191
יודפת,1112,2,24,1,907,2257774918,429
יונתן,4007,2,29,1,770,2746276049,549
יושיביה,803,6,62,1,700,1628759479,131
יזרעאל,452,2,23,1,552,2304071866,89
יחיעם,409,2,24,1,720,2209176694,358
יטבתה,866,6,62,1,720,2055242295,86
"ייט""ב",3607,7,75,1,322,2401765051,-108
יכיני,811,6,61,1,725,1619959912,129
ים המלח - בתי מלון,1772,6,62,,,2345056749,-377
ינוב,753,4,41,1,930,1954569033,46
ינון,2011,6,61,1,1213,1793762785,66
יסוד המעלה,29,2,21,1,1761,2566777360,95
יסודות,440,4,44,1,992,1873363588,100
יסעור,575,2,24,1,883,2158075625,22
יעד,1138,2,24,1,695,2230275382,257
יעל,1117,2,23,,,2291971752,71
יעף,1044,4,41,1,309,1970268605,56
יערה,795,2,24,1,749,2176977466,162
"יערות גבעת המורה מ""א 9",1863,2,23,,,2404072680,
יפיע,499,2,25,2,19301,2261573224,293
יפית,3566,7,75,1,218,2449066340,-244
יפעת,134,2,23,1,1204,2213773137,127
יפתח,453,2,21,1,582,2518578154,419
יצהר,3749,7,72,1,1838,2225767495,760
יציץ,759,4,43,1,837,1868964119,72
יקום,417,4,41,1,774,1853068397,15
יקיר,3647,7,73,1,2368,2108767292,397
יקנעם (מושבה),241,2,23,1,1384,2110572892,59
יקנעם עילית,240,2,23,1,24091,2091772807,153
יראון,623,2,24,1,403,2428777582,679
ירדנה,2026,2,23,1,359,2532871906,-236
ירוחם,831,6,62,1,10773,1930754414,518
ירושלים,3000,1,11,4,951149,2209463224,715
ירחיב,718,4,42,1,1096,1971367328,56
ירכא,502,2,24,2,17405,2197376222,252
ירקונה,183,4,42,1,368,1906367246,29
ישע,916,6,62,1,426,1430657316,119
ישעי,805,1,11,1,806,1968262879,196
ישרש,828,4,43,1,991,1857564697,80
יתד,1227,6,62,1,537,1358356863,83
כאבול,504,2,24,2,14243,2198575279,77
כאוכב אבו אל-היג'א,505,2,24,2,3668,2236074842,368
כברי,576,2,24,1,1068,2142776959,95
כדורי,371,2,22,1,202,2383373428,121
כדיתה,1338,2,21,1,190,2437276776,766
כוכב השחר,3564,7,74,1,2450,2330665192,574
כוכב יאיר,1224,4,42,1,8735,1997868091,95
כוכב יעקב,3779,7,74,1,9116,2231064307,758
כוכב מיכאל,824,6,61,1,1090,1686461535,94
כורזים,1252,2,21,1,335,2518675737,173
כחל,1210,2,21,1,464,2481075513,100
כחלה,1367,6,62,2,439,2050657758,532
כיסופים,840,6,62,1,286,1428458732,85
כישור,1153,2,24,1,213,2237176123,482
כליל,1183,2,24,1,784,2191176514,179
כלנית,1229,2,21,1,251,2429675339,17
כמאנה,1331,2,24,2,1570,2331475759,524
כמהין,1291,6,62,1,247,1455653579,225
כמון,1201,2,24,1,1403,2340075748,557
כנות,2006,6,61,1,454,1766263444,69
כנף,4028,2,29,1,470,2658275286,294
כנרת (מושבה),63,2,22,1,694,2532173672,-71
כנרת (קבוצה),57,2,22,1,694,2529473550,-171
כסיפה,1059,6,62,2,22484,2084257246,466
כסלון,859,1,11,1,470,2047663127,608
כסרא-סמיע,1296,2,24,2,8965,2287876386,624
כעביה-טבאש-חג'אג'רה,978,2,25,2,5624,2176673949,164
כפר אביב,857,4,44,1,835,1736963771,43
כפר אדומים,3638,7,74,1,4785,2321863714,288
כפר אוריה,364,1,11,1,919,1951063335,199
כפר אחים,690,6,61,1,888,1770562808,53
כפר ביאליק,220,3,31,1,845,2084074741,10
"כפר ביל""ו",177,4,44,1,1269,1836164227,63
כפר בלום,357,2,21,1,782,2571678650,76
כפר בן נון,2010,4,43,1,732,1951064104,150
כפר ברא,633,4,42,2,3754,1974067087,108
כפר ברוך,132,2,23,1,615,2181972796,55
כפר גדעון,106,2,23,1,335,2276072774,90
כפר גלים,427,3,32,1,387,1964574131,18
כפר גליקסון,310,3,32,1,347,2006571239,61
כפר גלעדי,76,2,21,1,686,2539479418,326
כפר דניאל,707,4,43,1,698,1937364901,98
כפר האורנים,3796,7,74,1,2614,2036264742,300
כפר החורש,192,2,23,1,725,2258873404,401
כפר המכבי,254,3,31,1,402,2111674393,28
כפר הנגיד,582,4,44,1,1241,1764264395,20
כפר הנוער הדתי,890,3,31,1,376,2095073872,44
כפר הנשיא,443,2,21,1,961,2567576448,265
כפר הס,187,4,41,1,1595,1939568366,73
"כפר הרא""ה",217,4,41,1,1475,1919269967,23
"כפר הרי""ף",888,6,61,1,834,1804562817,70
כפר ויתקין,190,4,41,1,1963,1887269868,14
כפר ורבורג,320,6,61,1,1147,1741762527,54
כפר ורדים,1263,2,24,1,5492,2255076676,533
כפר זוהרים,1325,1,11,1,148,1929261436,311
כפר זיתים,786,2,22,1,796,2437174638,52
"כפר חב""ד",696,4,43,1,6733,1859765528,40
כפר חושן,609,2,21,1,791,2413676858,738
כפר חיטים,255,2,22,1,606,2473974519,32
כפר חיים,193,4,41,1,635,1908269563,24
כפר חנניה,1297,2,21,1,762,2399275781,326
כפר חסידים א',112,3,31,1,837,2089873955,14
כפר חסידים ב',889,3,31,1,305,2084973948,17
כפר חרוב,4004,2,29,1,455,2624574099,310
כפר טרומן,673,4,43,1,875,1929765418,56
כפר יאסיף,507,2,24,2,10244,2155876210,58
כפר ידידיה,233,4,41,1,734,1906569469,24
כפר יהושע,140,2,23,1,1223,2145673200,47
כפר יונה,168,4,41,1,26182,1938369132,42
כפר יחזקאל,85,2,23,1,1214,2340371922,6
כפר יעבץ,170,4,41,1,683,1969468679,51
כפר כמא,508,2,22,2,3426,2415773638,209
כפר כנא,509,2,25,2,23265,2323473905,229
כפר מונש,387,4,41,1,941,1923169488,17
כפר מימון,1095,6,62,1,419,1558959355,99
"כפר מל""ל",98,4,42,1,325,1901767499,63
כפר מנדא,510,2,24,2,20622,2247174613,178
כפר מנחם,274,6,61,1,1345,1842462639,110
כפר מסריק,297,2,24,1,869,2097075506,4
כפר מצר,512,2,25,2,2778,2398772793,113
כפר מרדכי,764,4,44,1,656,1769063771,41
כפר נטר,316,4,41,1,1158,1881168690,24
כפר סאלד,345,2,21,1,689,2617578900,120
כפר סבא,6900,4,42,1,101830,1919367644,52
כפר סילבר,107,6,61,1,399,1632562022,55
כפר סירקין,249,4,42,1,1528,1929966488,41
כפר עבודה,875,4,41,1,225,1946168478,70
כפר עזה,845,6,61,1,742,1555559925,89
כפר עציון,3488,7,76,1,1203,2110361745,934
כפר פינס,189,3,32,1,1088,2004671000,60
כפר קאסם,634,4,42,2,24256,1976966909,84
כפר קיש,388,2,22,1,663,2424073031,85
כפר קרע,654,3,32,2,19294,2050971240,109
כפר ראש הנקרה,579,2,24,1,1377,2110577679,32
כפר רוזנואלד (זרעית),1130,2,24,1,244,2272977831,620
כפר רופין,295,2,23,1,532,2525770713,-246
כפר רות,1166,4,43,1,272,2030264634,286
כפר שמאי,605,2,21,1,574,2430876244,637
כפר שמואל,743,4,43,1,958,1937164417,107
כפר שמריהו,267,5,51,1,1925,1833067703,31
כפר תבור,47,2,22,1,4400,2397273250,102
כפר תפוח,3572,7,73,1,1473,2237366944,653
כרכום,1285,2,21,1,528,2571975949,96
כרם בן זמרה,664,2,21,1,530,2440077147,822
כרם בן שמן,88,4,43,1,82,1938065173,80
כרם יבנה (ישיבה),1094,4,44,1,529,1738163628,50
"כרם מהר""ל",580,3,32,1,783,1993872798,93
כרם שלום,1085,6,62,1,191,1317857105,87
כרמי יוסף,1264,4,43,1,1723,1925663946,222
כרמי צור,3766,7,77,1,995,2096161296,935
כרמי קטיף,1374,6,61,1,611,1916760508,338
כרמיאל,1139,2,24,1,46122,2276275734,270
כרמייה,768,6,61,1,653,1565861272,29
כרמים,1198,6,62,1,508,1922058248,404
כרמל,3656,7,77,1,447,2173959328,711
לבון,1207,2,24,1,721,2271676084,566
לביא,585,2,22,1,615,2417174366,299
לבנים,1230,2,21,1,426,2466175214,-54
להב,2023,6,62,1,658,1875158754,455
להבות הבשן,380,2,21,1,912,2607878299,88
להבות חביבה,715,3,32,1,1044,2010970013,43
להבים,1271,6,62,1,6694,1822358650,296
לוד,7000,4,43,4,80932,1895465097,57
לוזית,52,1,11,1,835,1893162164,190
לוחמי הגיטאות,595,2,24,1,783,2095076319,17
לוטם,1171,2,24,1,788,2337775423,315
לוטן,1255,6,62,1,180,2081343322,123
לימן,674,2,24,1,666,2108977386,15
לכיש,24,6,61,1,791,1850560772,247
לפיד,1310,4,43,1,2359,2032064717,268
לפידות,1173,2,24,1,130,2248276265,470
לקיה,1060,6,62,2,14642,1873558142,391
מאור,2055,3,32,1,1436,2007970341,32
מאיר שפיה,102,3,32,1,336,1975672190,107
מבוא ביתר,771,1,11,1,1005,2101662554,752
מבוא דותן,3569,7,71,1,478,2166670298,314
מבוא חורון,3709,7,74,1,2686,2034363961,243
מבוא חמה,4204,2,29,1,473,2617273821,348
מבוא מודיעים,1141,4,43,1,246,1989264896,208
מבואות ים,1318,4,41,1,369,1878270108,3
מבואות יריחו,3825,7,75,,,2396664589,-103
מבועים,1080,6,62,1,1245,1671959544,169
מבטחים,829,6,62,1,465,1435757236,129
מבקיעים,573,6,61,1,478,1599161459,57
מבשרת ציון,1015,1,11,1,24247,2144163412,719
מג'ד אל-כרום,516,2,24,2,15447,2241475846,242
מג'דל שמס,4201,2,29,2,11267,2721779659,1229
מגאר,481,2,22,2,23275,2388975470,147
מגדים,689,3,32,1,1380,1964573727,15
מגדל,65,2,22,1,1980,2474474935,-86
מגדל העמק,874,2,23,1,25722,2231073152,205
מגדל עוז,3561,7,76,1,576,2135961641,939
מגדל תפן,1722,2,24,,,2261576449,646
מגדלים,3751,7,72,1,505,2324866637,775
מגידו,586,2,23,1,848,2171372068,153
מגל,375,3,32,1,1149,2033569910,70
מגן,695,6,62,1,535,1454357893,119
מגן שאול,1155,2,23,1,705,2291471412,83
מגשימים,722,4,42,1,1089,1906066152,52
מדרך עוז,2029,2,23,1,794,2151572230,128
מדרשת בן גוריון,1140,6,62,1,1958,1790952918,472
מדרשת רופין,897,4,41,1,226,1919269429,25
מודיעין-מכבים-רעות,1200,4,43,1,94657,2011364478,209
מודיעין עילית,3797,7,74,1,77967,2042764878,293
מולדת,269,2,23,1,1089,2416172136,62
מוצא עילית,208,1,11,1,1230,2150263345,641
מוקייבלה,635,2,23,2,4135,2281371331,87
מורן,1163,2,24,1,473,2371675853,326
מורשת,1178,2,24,1,1544,2221174791,308
מזור,606,4,42,1,1318,1931066207,54
מזכרת בתיה,28,4,44,1,15093,1852963987,62
"מזרח השרון מ""א 16",1879,4,41,,,2001069530,
"מזרח השרון מ""א 18",1880,4,41,,,2002068950,
מזרע,104,2,23,1,802,2271472850,98
מזרעה,517,2,24,2,3998,2095476542,14
מחולה,3599,7,75,1,629,2486669692,-176
מחנה הילה*,1411,4,44,,,1710064600,
מחנה טלי*,1418,6,62,,,1680051800,
מחנה יהודית*,1413,2,23,,,2170073000,
מחנה יוכבד*,1416,6,62,,,1930042700,
מחנה יפה*,1415,6,62,,,1690057000,
מחנה יתיר,1196,6,62,1,293,2057258396,652
מחנה מרים*,1414,6,61,,,1740062900,
מחנה תל נוף*,1412,4,44,,,1830063800,
מחניים,308,2,21,1,832,2536376606,263
מחסיה,776,1,11,1,481,2007762837,251
מטולה,43,2,21,1,1654,2541779817,444
מטע,822,1,11,1,949,2059662505,603
מי עמי,1128,3,32,1,364,2141671229,462
מיטב,2054,2,23,1,459,2285071685,72
מייסר,649,3,32,2,2072,2041670564,58
מיצר,4019,2,29,1,289,2692674150,359
מירב,1282,2,23,1,742,2399270655,394
מירון,607,2,21,1,1076,2414776580,703
מישר,731,4,44,1,806,1768063635,52
מיתר,1268,6,62,1,9980,1935558178,457
מכורה,3614,7,75,1,178,2401067463,220
מכחול,1343,6,62,2,994,2063657760,522
מכמורת,382,4,41,1,1459,1883170142,12
מכמנים,1202,2,24,1,576,2308775687,489
מלאה,164,2,23,1,389,2225471884,66
מלילות,2044,6,62,1,371,1615158878,112
מלכייה,596,2,21,1,463,2480477842,653
מלכישוע,1154,2,23,1,241,2390970497,510
מנוחה,2030,6,61,1,640,1788561845,102
מנוף,1174,2,24,1,864,2224675094,385
מנות,1205,2,24,1,475,2185377150,246
מנחמיה,48,2,23,1,1054,2523473023,-132
מנרה,347,2,21,1,259,2511778903,846
מנשית זבדה,994,2,25,2,1424,2184473467,104
מסד,1258,2,22,1,377,2399274992,263
מסדה,263,2,22,1,354,2563973220,-191
מסילות,298,2,23,1,446,2448071130,-112
מסילת ציון,742,1,11,1,1244,2011463440,303
מסלול,748,6,62,1,885,1609258156,110
מסעדה,4203,2,29,2,3753,2709279297,1035
מסעודין אל-עזאזמה (שבט),939,6,62,3,,1823056730,
מעברות,197,4,41,1,992,1912669668,14
מעגלים,1082,6,62,1,2080,1618358958,127
מעגן,678,2,22,1,383,2565773474,-198
מעגן מיכאל,694,3,32,1,2066,1923371800,10
מעוז חיים,272,2,23,1,489,2519671105,-245
מעון,3657,7,77,1,594,2155959130,772
מעונה,570,2,24,1,978,2247676904,470
מעיין ברוך,416,2,21,1,695,2569979388,200
מעיין צבי,290,3,32,1,742,1946871935,95
מעיליא,518,2,24,2,3270,2243877022,502
מעלה אדומים,3616,7,76,1,37846,2291263194,330
מעלה אפרים,3608,7,75,1,1255,2383066423,178
מעלה גלבוע,1127,2,23,1,804,2396070922,437
מעלה גמלא,4008,2,29,1,559,2643475504,112
מעלה החמישה,286,1,11,1,819,2105663611,785
מעלה לבונה,3752,7,74,1,946,2228266240,735
מעלה מכמש,3651,7,74,1,1635,2292664289,586
מעלה עירון,1327,3,32,2,15380,2148871748,250
מעלה עמוס,3653,7,76,1,720,2218661154,746
מעלות-תרשיחא,1063,2,24,4,22122,2262976883,518
מענית,344,3,32,1,834,2028770696,64
"מערב השרון מ""א 16",1876,4,41,,,1934069710,
"מערב השרון מ""א 18",1877,4,41,,,1936068670,
"מערב השרון מ""א 19",1878,4,41,,,1860068190,
מעש,230,4,42,1,847,1897366353,52
מפלסים,668,6,61,1,1034,1583660128,94
"מפעלי אבשלו""ם",1767,6,62,,,1772359440,238
מפעלי ברקן,1791,7,73,,,2112666768,438
מפעלי גליל עליון,1706,2,21,,,2537378871,79
מפעלי גרנות,1739,3,32,,,1959370567,19
מפעלי העמק (יזרעאל),1717,2,23,,,2223873000,118
מפעלי חבל מודיעים,1729,4,43,,,1963565732,118
מפעלי ים המלח(סדום),1775,6,62,,,2351754882,-380
מפעלי כנות,1753,6,61,,,1773163439,67
מפעלי מישור רותם,1773,6,62,,,2182655182,391
מפעלי מעון,1769,6,62,,,1457457821,117
מפעלי נחם הרטוב,1701,1,11,,,1990163056,234
מפעלי צומת מלאכי,1761,6,61,,,1764362571,67
מפעלי צין - ערבה,1776,6,62,,,2085152819,92
מפעלי צמח,1711,2,22,,,2553773439,-199
מפעלי שאן,1719,2,23,,,2489571143,-202
מצדות יהודה,3745,7,77,1,602,2107158587,873
מצובה,325,2,24,1,1153,2150077418,92
מצליח,757,4,43,1,1347,1881164598,82
מצפה,58,2,22,1,131,2480474397,86
"מצפה אבי""ב",1222,2,24,1,1086,2190774911,122
מצפה אילן,1370,3,32,1,725,2067270748,128
מצפה יריחו,3576,7,75,1,2577,2374563592,158
מצפה נטופה,1190,2,23,1,1035,2364174533,394
מצפה רמון,99,6,62,1,5185,1808250376,712
מצפה שלם,3610,7,75,1,244,2380960839,-301
מצר,648,3,32,1,389,2046970512,74
מקווה ישראל,22,5,53,1,374,1794865963,27
מרגליות,843,2,21,1,409,2511979109,693
מרום גולן,4101,2,29,1,743,2727778212,976
מרחב עם,1340,6,62,1,515,1834853303,511
מרחביה (מושב),97,2,23,1,666,2299872327,76
מרחביה (קיבוץ),66,2,23,1,1272,2291072355,70
מרכז אזורי כדורי,1713,2,22,,,2382773464,141
מרכז אזורי מרום הגליל,1708,2,21,,,2415076699,696
מרכז אזורי משגב,1723,2,24,,,2245675152,306
מרכז אזורי שוהם,1747,4,43,,,1945865531,81
"מרכז כ""ח",1705,2,21,,,2535878064,90
"מרכז מיר""ב*",1715,3,32,,,1969272795,44
מרכז שפירא,1098,6,61,1,2467,1722562273,50
משאבי שדה,421,6,62,1,468,1795154587,349
משגב דב,765,4,44,1,721,1754163645,58
משגב עם,378,2,21,1,333,2515179474,801
משהד,520,2,25,2,8486,2305873839,270
משואה,3605,7,75,1,180,2464966884,-251
משואות יצחק,620,6,61,1,708,1706362348,60
משכיות,3785,7,75,1,333,2476569159,-44
משמר איילון,670,4,43,1,563,1949564208,135
משמר דוד,563,4,43,1,1137,1906963671,149
משמר הירדן,732,2,21,1,868,2563476779,231
משמר הנגב,395,6,62,1,1034,1730858584,199
משמר העמק,130,2,23,1,1284,2136372399,106
משמר השבעה,729,4,43,1,1060,1834665745,28
משמר השרון,194,4,41,1,622,1911269590,19
משמרות,213,3,32,1,1117,1987671030,53
משמרת,425,4,41,1,1044,1926668164,60
משען,791,6,61,1,1071,1643761845,50
מתן,1315,4,42,1,3632,1977167392,65
מתת,1184,2,24,1,220,2337577178,804
מתתיהו,3648,7,74,1,898,2032564853,263
נאות גולן,4551,2,29,1,637,2650474363,312
נאות הכיכר,1124,6,62,1,442,2360653810,-349
נאות חובב,1770,6,62,,,1795156049,379
נאות מרדכי,408,2,21,1,650,2560578503,75
נאות סמדר,1197,6,62,1,228,2023144010,407
נאעורה,524,2,23,2,2347,2369972440,118
נבטים,396,6,62,1,1054,1887957013,324
נגבה,315,6,61,1,963,1699561890,84
נגוהות,3724,7,77,1,376,1984660013,674
נהורה,309,6,61,1,1184,1721261462,97
נהלל,80,2,23,1,1180,2187373288,85
נהרייה,9100,2,24,1,59156,2094476809,24
נוב,4304,2,29,1,995,2735974881,408
נוגה,55,6,61,1,581,1710961478,108
נווה,1366,6,62,1,1314,1364556377,100
נווה אבות,926,3,32,1,50,1971971015,51
נווה אור,590,2,23,1,350,2522072167,-223
"נווה אטי""ב",4303,2,29,1,127,2695179642,975
נווה אילן,405,1,11,1,986,2077663506,654
נווה אילן*,1702,1,11,,,2088363482,682
נווה איתן,296,2,23,1,301,2502271092,-230
נווה דניאל,3725,7,76,1,2340,2137162050,948
נווה זוהר,1057,6,62,1,54,2347556239,-370
נווה זיו,1314,2,24,1,974,2175277020,205
נווה חריף,1279,6,62,1,103,2033343880,438
נווה ים,312,3,32,1,237,1937773166,4
נווה ימין,686,4,42,1,1078,1945267534,36
נווה ירק,858,4,42,1,1279,1930367108,25
נווה מבטח,827,6,61,1,701,1755863485,60
נווה מיכאל,1071,1,11,1,878,2006562006,344
נווה צוף,3573,7,74,1,1494,2120965705,556
נווה שלום,1259,1,11,4,331,1980763615,277
נועם,15,6,61,1,363,1800060849,161
נוף איילון,1333,4,43,1,2080,1990564179,197
נוף הגליל,1061,2,25,4,41937,2306073489,327
נופים,3790,7,73,1,949,2097667351,388
נופית,1284,3,31,1,2597,2139474052,179
נופך,257,4,42,1,605,1926766117,60
נוקדים,3726,7,76,1,2591,2231761702,570
נורדייה,447,4,41,1,2233,1904669131,50
נורית,833,2,23,1,213,2337271642,126
נחושה,59,1,11,1,1496,1955361503,413
"נחל יפתחאל מ""א 3",1883,2,23,,,2291074310,
נחל עוז,844,6,61,1,469,1522759807,70
"נחל תבור מ""א 8",1861,2,23,,,2525072450,
נחלה,2045,6,61,1,711,1805861849,123
נחליאל,3767,7,74,1,735,2133465348,557
נחלים,449,4,42,1,1848,1918666290,50
נחם,809,1,11,1,548,2004063042,251
נחף,522,2,24,2,13331,2299875998,315
נחשולים,433,3,32,1,695,1928372439,5
נחשון,777,1,11,1,588,1959263764,174
נחשונים,705,4,42,1,418,1953466312,88
נטועה,1147,2,24,1,303,2305777439,653
נטור,4014,2,29,1,871,2708175106,419
נטע,1369,6,61,1,674,1930059846,427
נטעים,174,4,44,1,627,1789265031,51
נטף,1254,1,11,1,459,2065063769,508
ניין,523,2,23,2,1898,2329972632,223
"ניל""י",3655,7,74,1,1848,2046365225,324
ניצן,351,6,61,1,2573,1651762762,39
ניצן ב',1419,6,61,1,443,1656462723,37
ניצנה (קהילת חינוך),1195,6,62,1,348,1445953307,226
ניצני סיני,1280,6,62,1,286,1422953514,233
ניצני עוז,851,4,41,1,1110,2005869025,43
ניצנים,359,6,61,1,524,1653962513,35
ניר אליהו,808,4,42,1,562,1953667822,61
ניר בנים,553,6,61,1,745,1768262001,85
ניר גלים,720,4,44,1,1408,1700063694,20
ניר דוד (תל עמל),256,2,23,1,739,2430871220,-103
"ניר ח""ן",11,6,61,1,564,1729761303,104
ניר יפה,165,2,23,1,725,2232871941,63
ניר יצחק,402,6,62,1,640,1387857210,91
ניר ישראל,699,6,61,1,888,1656062178,41
ניר משה,2047,6,62,1,593,1649559852,139
ניר עוז,69,6,62,1,386,1430458017,105
ניר עם,348,6,61,1,644,1601260322,115
ניר עציון,769,3,32,1,967,1993973391,209
ניר עקיבא,2048,6,62,1,666,1664459767,154
ניר צבי,331,4,43,1,1283,1871665110,58
נירים,602,6,62,1,370,1424158297,109
נירית,1236,4,42,1,936,1987567262,109
נמל תעופה בן-גוריון,1748,4,43,,,1893865703,37
נמרוד,4035,2,29,,,2704579460,1097
נס הרים,825,1,11,1,1452,2055462804,681
נס עמים,1143,2,24,1,429,2116776346,25
נס ציונה,7200,4,44,1,50706,1810164822,39
נעורים,186,4,41,1,413,1872369785,20
נעלה,3787,7,74,1,2343,2061565225,393
"נעמ""ה",3713,7,75,1,169,2443664600,-193
נען,158,4,43,1,1761,1866564349,90
נערן,3620,7,75,1,105,2431665277,-182
נפת בית לחם,1982,7,76,,,,
"נפת בית לחם מ""א 76",1981,7,76,,,,
נפת ג'נין,1971,7,71,,,,
"נפת ג'נין מ""א 72",1970,7,71,,,,
נפת חברון,1984,7,77,,,,
"נפת חברון מ""א 78",1983,7,77,,,,
נפת טול כרם,1975,7,73,,,,
"נפת טול כרם מ""א 72",1974,7,73,,,,
נפת ירדן,1980,7,75,,,,
"נפת ירדן מ""א 74",1978,7,75,,,,
"נפת ירדן מ""א 75",1979,7,75,,,,
נפת ראמאללה,1977,7,74,,,,
"נפת ראמאללה מ""א 73",1976,7,74,,,,
נפת שכם,1973,7,72,,,,
"נפת שכם מ""א 72",1972,7,72,,,,
נצאצרה (שבט),1041,6,62,3,,2100057000,
נצר חזני,1372,4,44,1,503,1871063654,95
נצר סרני,435,4,43,1,909,1834364786,64
נצרת,7300,2,25,2,77792,2279073417,347
נשר,2500,3,31,1,24039,2042074156,157
נתיב הגדוד,3555,7,75,1,222,2421565508,-220
"נתיב הל""ה",693,1,11,1,662,1984562177,300
נתיב העשרה,1242,6,61,1,886,1563460906,60
נתיב השיירה,792,2,24,1,492,2130276655,43
נתיבות,246,6,62,1,39703,1605659230,133
נתניה,7400,4,41,1,222129,1872569140,28
סאג'ור,525,2,24,2,4358,2324676081,342
סאסא,578,2,24,1,402,2371877026,830
סביון*,587,4,42,1,4023,1886866155,56
סגולה,2046,6,61,1,732,1792361979,99
סואעד (חמרייה)*,942,2,25,2,197,2160574141,171
סואעד (כמאנה) (שבט),989,2,24,3,,2320375699,
סולם,526,2,23,2,2640,2316572353,118
סוסיה,3756,7,77,1,1237,2108058891,798
סופה,1238,6,62,1,216,1373057207,85
סח'נין,7500,2,24,2,32195,2283275220,232
סייד (שבט),1170,6,62,3,,1922057760,
סלמה,1245,2,24,2,3402,2343575554,195
סלעית,3567,7,73,1,1409,2049568321,247
סמר,1156,6,62,1,276,2018741600,94
סנסנה,3777,7,77,1,577,1906958567,522
סעד,419,6,62,1,845,1557859782,103
סעוה,1360,6,62,2,2001,1971857373,428
סער,454,2,24,1,875,2105177051,19
ספיר,1176,6,62,1,485,2175250272,-14
סתרייה,610,4,43,1,1102,1854164419,82
ע'ג'ר,4501,2,29,2,2702,2584979731,282
עבדון,892,2,24,1,676,2171777254,176
עברון,376,2,24,1,859,2097476631,25
עגור,794,1,11,1,540,1917562283,218
עד הלום,1762,6,61,,,1681563008,30
עדי,1199,2,23,1,1858,2165974306,166
עדנים,2035,4,42,1,517,1912367181,23
עוזה,826,6,61,1,433,1776861129,140
עוזייר,528,2,25,2,3364,2308174398,179
עולש,737,4,41,1,1163,1988569317,36
עומר,666,6,62,1,7570,1857557518,331
עופר,810,3,32,1,663,1985872535,147
עוצם,32,6,61,1,727,1719661615,88
עוקבי (בנו עוקבה) (שבט),957,6,62,3,,1920057700,
עזוז,328,6,62,1,77,1494252264,331
עזר,1149,6,61,1,807,1689162724,32
עזריאל,837,4,41,1,866,1974268544,53
עזריה,711,4,43,1,1246,1915664420,96
עזריקם,817,6,61,1,1504,1713862880,39
עטאוונה (שבט),969,6,62,3,,1932057690,
עטרת,3658,7,74,1,943,2168865636,696
עידן,1175,6,62,1,393,2286452400,-180
עידן הנגב,1765,6,62,,,1797658736,259
עיילבון,530,2,22,2,5787,2379274908,173
עיינות,156,4,44,1,412,1781664704,24
עילוט,511,2,25,2,8537,2248173590,275
עין איילה,687,3,32,1,1151,1952172612,18
עין אל-אסד,546,2,21,2,885,2376876064,529
עין גב,273,2,22,1,671,2601674321,-201
עין גדי,2042,6,62,1,591,2365959563,-303
עין דור,436,2,23,1,1045,2393272923,125
עין הבשור,1240,6,62,1,1105,1468957689,116
עין הוד,74,3,32,1,651,1987073394,121
עין החורש,167,4,41,1,847,1945469914,21
עין המפרץ,289,2,24,1,1258,2093675647,2
"עין הנצי""ב",383,2,23,1,610,2473370854,-140
עין העמק,367,2,23,1,820,2082272605,240
עין השופט,270,2,23,1,837,2096872240,261
עין השלושה,676,6,62,1,367,1430658468,100
עין ורד,157,4,41,1,1545,1937568567,62
עין זיוון,4503,2,29,1,386,2746877807,960
עין חוד,1320,3,32,2,315,2002673302,235
עין חצבה,1053,6,62,,,2234252310,-141
עין חרוד (איחוד),89,2,23,1,541,2369971883,41
עין חרוד (מאוחד),82,2,23,1,777,2370271825,-17
עין יהב,806,6,62,1,771,2226250753,-83
עין יעקב,813,2,24,1,1185,2218476829,421
"עין כרם-בי""ס חקלאי",1056,1,11,1,162,2145863172,573
עין כרמל,426,3,32,1,923,1958573145,22
עין מאהל,532,2,25,2,13568,2333773641,403
עין נקובא,521,1,11,2,3585,2115163339,623
עין עירון,223,3,32,1,544,2011170996,62
עין צורים,622,6,61,1,810,1735162269,52
עין קנייא,4502,2,29,2,2139,2685879363,798
עין ראפה,514,1,11,2,1251,2109463307,610
עין שמר,139,3,32,1,584,2009070775,43
עין שריד,880,4,41,1,1614,1941268670,63
עין תמר,1251,6,62,1,197,2356653913,-347
עינת,871,4,42,1,829,1942566553,50
עיר אובות,1187,6,62,,,2233552445,-135
עכו,7600,2,24,4,49503,2082475927,8
עלומים,1146,6,62,1,520,1537659579,98
עלי,3765,7,72,1,4601,2253466435,704
עלי זהב,3727,7,73,1,3828,2062566427,349
עלמה,688,2,21,1,707,2470477293,674
עלמון,3715,7,74,1,1440,2280763760,516
עמוקה,1212,2,21,1,137,2493976704,706
עמיחי,3824,7,74,1,208,2311666140,756
עמינדב,779,1,11,1,1098,2135062878,823
עמיעד,385,2,21,1,462,2509375929,241
עמיעוז,318,6,62,1,204,1440657325,127
עמיקם,773,3,32,1,770,2022171878,81
עמיר,319,2,21,1,598,2582378705,76
עמנואל,3660,7,73,1,4129,2132267433,363
"עמק בית שאן מ""א 7",1824,2,23,,,2474070920,
"עמק בית שאן של""ש",1825,2,23,,,,
"עמק חולה מ""א 1",1806,2,21,,,2578078330,
"עמק חולה מ""א 55",1807,2,21,,,2580077650,
"עמק חולה של""ש",1808,2,21,,,,
"עמק חפר מזרח מ""א 16",1875,4,41,,,2289073170,
"עמק חרוד מ""א 8",1826,2,23,,,2368071640,
"עמק חרוד של""ש",1827,2,23,,,,
"עמק יזרעאל מ""א 13",1834,2,23,,,2185072150,
"עמק יזרעאל מ""א 8",1832,2,23,,,2268071730,
"עמק יזרעאל מ""א 9",1833,2,23,,,2244072700,
עמקה,708,2,24,1,794,2154876490,81
ענב,3712,7,73,1,925,2120668784,292
עספיא,534,3,31,2,12613,2063873586,472
עפולה,7700,2,23,1,56769,2286172472,144
עפרה,3617,7,74,1,3013,2249765114,829
עץ אפרים,3778,7,73,1,2460,2045766948,218
עצמון שגב,917,2,24,1,1165,2238875232,321
עראבה,531,2,24,2,26252,2319775077,247
עראמשה*,1246,2,24,2,1727,2214477704,427
ערב אל נעים,1335,2,24,2,826,2274875480,303
ערד,2560,6,62,1,27208,2203557414,488
ערוגות,593,6,61,1,1155,1785162692,66
ערערה,637,3,32,2,25530,2086871174,173
ערערה-בנגב,1192,6,62,2,18952,2021956302,458
עשרת,591,4,44,1,989,1761763696,56
עתלית,53,3,32,1,9731,1949373301,12
עתניאל,3748,7,77,1,980,2027959416,699
פארן,1151,6,62,1,508,2146647484,106
"פארק הירדן מ""א 6",1961,2,22,,,,
פארק תעשיות ספירים,1763,6,61,,,1614560283,105
פארק תעשיות עמק חפר,1745,4,41,,,1903970090,19
פדואל,3768,7,73,1,2044,2050866319,369
פדויים,750,6,62,1,519,1629858183,116
פדיה,838,4,43,1,836,1889964061,101
פוריידיס,537,3,32,2,13450,1957972265,50
פורייה - כפר עבודה,1104,2,22,1,371,2515473616,37
פורייה - נווה עובד,1105,2,22,1,1266,2506573889,137
פורייה עילית,1313,2,22,1,1182,2515273737,136
פורת,767,4,41,1,1278,1955168698,57
פטיש,749,6,62,1,964,1581258191,96
פלך,1185,2,24,1,182,2221675987,495
פלמחים,597,4,44,1,745,1723464906,18
פני חבר,3723,7,77,1,678,2157559933,792
פסגות,3659,7,74,1,2037,2213864510,850
פסוטה,535,2,24,2,3180,2292977260,566
"פעמי תש""ז",2059,6,62,1,572,1708159424,179
פצאל,3615,7,75,1,322,2419266123,-235
פקיעין (בוקייעה),536,2,24,2,5975,2313576483,618
פקיעין חדשה,281,2,24,1,584,2304976544,542
פרדס חנה-כרכור,7800,3,32,1,43760,1979770877,48
פרדסייה,171,4,41,1,6641,1917769028,52
פרוד,599,2,21,1,608,2407475969,427
פרזון,2053,2,23,1,363,2294471684,78
פרי גן,1231,6,62,1,244,1385557032,92
פתח תקווה,7900,4,42,1,250484,1894266579,31
פתחיה,839,4,43,1,851,1892964165,102
צאלים,413,6,62,1,468,1555756821,143
צביה,1180,2,24,1,336,2313675498,254
צבעון,1213,2,24,1,304,2392377000,758
צובה,465,1,11,1,613,2114063231,723
צוחר,1136,6,62,1,469,1452657190,135
צופייה,1111,4,44,,,1753964049,36
צופים,3791,7,73,1,2433,2010167832,155
צופית,198,4,42,1,1319,1927067776,66
צופר,1150,6,62,1,466,2171749669,-2
צוקי ים,1102,4,41,1,285,1869369644,30
צוקים,1262,6,62,1,342,2157948903,44
צור הדסה,1113,1,11,1,11584,2092062486,718
צור יצחק,1345,4,42,1,6584,2001068308,119
צור משה,276,4,41,1,3312,1920868938,51
צור נתן,1148,4,42,1,307,2014368303,184
צוריאל,774,2,24,1,374,2296776797,635
צורית,1221,2,24,1,917,2238775641,343
ציפורי,613,2,23,1,985,2263973898,250
צלפון,796,1,11,1,1075,1935563469,168
צנדלה,636,2,23,2,1670,2306271428,113
צפרייה,594,4,43,1,1034,1865665670,31
צפרירים,1079,1,11,1,412,1947461865,329
צפת,8000,2,21,1,36061,2475776328,602
צרופה,612,3,32,1,1123,1953472826,21
צרעה,567,1,11,1,939,1971663005,206
קבועה (שבט),1234,6,62,3,,2160057200,
קבוצת יבנה,334,4,44,1,965,1735563595,50
קדומים,3557,7,73,1,4586,2152868054,417
קדימה-צורן,195,4,41,1,22717,1926468744,51
קדמה,392,6,61,,,1787462323,100
קדמת צבי,4025,2,29,1,512,2655377065,474
קדר,3781,7,76,1,1619,2294162889,448
קדרון,615,4,44,1,1604,1807863592,52
קדרים,1211,2,21,1,289,2447075593,108
קודייראת א-צאנע (שבט),964,6,62,3,,2110057800,
קוואעין (שבט),972,6,62,3,,2020058100,
קוממיות,766,6,61,1,551,1745361889,70
קורנית,1179,2,24,1,922,2239674988,442
קטורה,1052,6,62,1,488,2056143125,114
קיסריה,1167,3,32,1,5561,1916171235,20
קלחים,414,6,62,1,656,1694059538,170
קליה,3601,7,75,1,465,2443462865,-361
קלנסווה,638,4,41,2,23512,1980468829,37
קלע,4024,2,29,1,336,2642178191,642
קציר,1243,3,32,1,2951,2099971023,334
קצר א-סר,1347,6,62,2,2594,1982455466,537
קצרין,4100,2,29,1,7500,2645476648,331
קריית אונו,2620,5,52,1,40835,1866566309,61
קריית ארבע,3611,7,77,1,7338,2112760481,913
קריית אתא,6800,3,31,1,59364,2104674550,35
קריית ביאליק,9500,3,31,1,41912,2087474929,12
קריית גת,2630,6,61,1,58482,1778361308,128
קריית חינוך מרחבים*,1768,6,62,,,1617958047,126
קריית טבעון,2300,3,31,1,18312,2121573566,114
קריית ים,9600,3,31,1,39459,2070575043,7
קריית יערים,1137,1,11,1,6238,2096463456,710
קריית יערים (מוסד),2039,1,11,1,165,2099563543,716
קריית מוצקין,8200,3,31,1,45463,2078174905,9
קריית מלאכי,1034,6,61,1,24384,1759662669,63
קריית נטפים,3746,7,73,1,964,2107066931,429
קריית ענבים,78,1,11,1,467,2114163531,677
קריית עקרון,469,4,44,1,11077,1833664101,55
קריית שלמה,412,4,41,1,233,1871368234,28
קריית שמונה,2800,2,21,1,22363,2538579076,208
קרית חינוך עזתה,1766,6,62,,,1612659335,143
קרית תעופה,1746,4,43,,,1918565510,48
קרני שומרון,3640,7,73,1,9417,2088467512,316
קשת,4006,2,29,1,842,2759176514,701
ראמה,543,2,24,2,7792,2346676038,382
ראס אל-עין,1334,2,24,2,397,2351775772,222
ראס עלי,990,3,31,2,652,2147974196,63
ראש העין,2640,4,42,1,67624,1961966686,83
ראש פינה,26,2,21,1,3217,2510676372,308
ראש צורים,3602,7,76,1,947,2119361950,918
ראשון לציון,8300,4,44,1,256053,1812065295,41
רבבה,3795,7,72,1,2786,2123066950,422
רבדים,564,6,61,1,818,1826563130,79
רביבים,354,6,62,1,1084,1733855041,283
רביד,1225,2,22,1,138,2437875070,164
רגבה,390,2,24,1,1124,2096576475,17
רגבים,444,3,32,1,506,2034971441,99
רהט,1161,6,62,2,73768,1765758882,222
רווחה,2051,6,61,1,562,1747761753,84
רוויה,2016,2,23,1,444,2447470611,-109
רוח מדבר,1341,6,62,1,68,1744654349,329
רוחמה,362,6,61,1,722,1721160075,165
רומאנה,539,2,25,2,1239,2294274370,166
רומת הייב,997,2,25,2,2093,2288574255,192
רועי,3619,7,75,1,170,2463068380,30
רותם,3782,7,75,1,242,2490869373,-70
רחוב,854,2,23,1,403,2462270634,-122
רחובות,8400,4,44,1,146095,1819464438,51
רחלים,3822,7,72,1,906,2244166767,549
ריחאנייה,540,2,21,2,1218,2458877272,673
ריחן,3568,7,71,1,352,2129770830,362
ריינה,542,2,25,2,19141,2295373626,318
רימונים,3565,7,74,1,698,2323664896,668
רינתיה,616,4,42,1,1182,1933766127,62
רכסים,922,3,31,1,13265,2097873968,96
רם-און,1069,2,23,1,986,2246471474,79
רמות,4702,2,29,1,531,2627375064,-10
רמות השבים,206,4,42,1,1710,1892967483,60
רמות מאיר,735,4,43,1,751,1865064238,82
רמות מנשה,445,2,23,1,1212,2056872258,181
רמות נפתלי,372,2,21,1,537,2520277853,436
רמלה,8500,4,43,4,76987,1875264835,76
רמת גן,8600,5,52,1,167556,1835466402,37
רמת דוד,135,2,23,1,540,2192073153,80
רמת הכובש,184,4,42,1,1151,1943368044,61
רמת השופט,335,2,23,1,1125,2091072404,241
רמת השרון,2650,5,51,1,47512,1852067183,39
רמת יוחנן,178,3,31,1,1016,2117474431,47
רמת ישי,122,2,23,1,7897,2158173426,93
"רמת כוכב מ""א 7",1828,2,23,,,2497072050,
"רמת כוכב מ""א 8",1829,2,23,,,2427072230,
"רמת כוכב מ""א 9",1830,2,23,,,2362072710,
"רמת כוכב של""ש",1831,2,23,,,,
רמת מגשימים,4701,2,29,1,755,2759575016,429
"רמת מנשה מ""א 13",1837,2,23,,,2093072110,
"רמת מנשה של""ש",1838,2,23,,,,
רמת צבי,339,2,23,1,748,2391272193,53
רמת רזיאל,460,1,11,1,662,2070263124,717
רמת רחל,127,1,11,1,562,2207962742,788
רנן,789,6,62,1,717,1620658307,104
רעים,713,6,62,1,427,1485858842,49
רעננה,8700,4,42,1,76277,1879267694,48
רקפת,1228,2,24,1,1049,2251075112,312
רשפון,247,4,41,1,1456,1836167862,26
רשפים,437,2,23,1,1153,2450370959,-114
רתמים,1260,6,62,1,584,1703255151,260
שאר ישוב,324,2,21,1,655,2606679242,129
שבי דרום,1377,6,62,1,253,1657359723,143
שבי ציון,282,2,24,1,1228,2082076520,7
שבי שומרון,3571,7,72,1,1031,2176368555,335
שבלי - אום אל-גנם,913,2,23,2,6151,2380073275,179
שגב-שלום,1286,6,62,2,11363,1846456733,318
שדה אילן,721,2,22,1,648,2399773935,196
שדה אליהו,304,2,23,1,705,2485370519,-191
שדה אליעזר,861,2,21,1,828,2529977230,162
שדה בוקר,885,6,62,1,449,1801253146,470
שדה דוד,36,6,61,1,588,1700560944,93
שדה ורבורג,284,4,42,1,1442,1910467937,49
שדה יואב,293,6,61,1,598,1694461708,98
שדה יעקב,142,2,23,1,1096,2135473375,63
שדה יצחק,2008,3,32,1,715,1996070126,31
שדה משה,18,6,61,1,777,1812161329,140
שדה נחום,259,2,23,1,913,2454771487,-76
שדה נחמיה,329,2,21,1,1265,2585578807,77
שדה ניצן,1058,6,62,1,357,1446557122,135
שדה עוזיהו,739,6,61,1,1598,1695562943,30
שדה צבי,2049,6,62,1,653,1726759530,202
שדות ים,327,3,32,1,1108,1901671086,9
שדות מיכה,27,1,11,1,382,1925462543,219
שדי אברהם,1223,6,62,1,360,1367156924,86
שדי חמד,2015,4,42,1,982,1948167404,35
שדי תרומות,2057,2,23,1,459,2459270520,-128
שדמה,555,4,44,1,591,1756363779,48
שדמות דבורה,306,2,22,1,686,2411773355,146
שדמות מחולה,3578,7,75,1,665,2504469484,-189
שדרות,1031,6,61,1,29074,1615060418,89
שואבה,741,1,11,1,613,2074863395,618
שובה,761,6,62,1,704,1566959571,108
שובל,394,6,62,1,846,1756559148,205
שוהם,1304,4,43,1,21014,1949465613,96
שומרה,614,2,24,1,367,2268677643,552
שומרייה,1265,6,62,1,836,1889659340,377
שוקדה,415,6,62,1,606,1548259242,82
שורש,456,1,11,1,1215,2062763384,678
שורשים,1235,2,24,1,542,2246175536,132
שושנת העמקים,224,4,41,1,491,1867569564,19
שזור,527,2,24,1,326,2333275981,282
שחר,7,6,61,1,895,1740161425,100
שחרות,1266,6,62,1,172,1997042399,531
שיבולים,865,6,62,1,286,1626858946,130
שיטים,1267,6,62,,,2013045424,298
שייח' דנון,658,2,24,2,2944,2141976650,84
שילה,3641,7,74,1,4483,2286166224,718
שילת,1165,4,43,1,787,2020064728,265
שכניה,1160,2,24,1,802,2234275046,440
שלווה,873,6,61,1,547,1779360802,166
שלווה במדבר,1373,6,62,,,1746152689,506
שלוחות,439,2,23,1,428,2454070861,-116
שלומי,812,2,24,1,6754,2142177563,72
שלומית,1364,6,62,1,394,1337356441,93
שלומציון,1793,7,75,,,2467566743,-257
שמיר,366,2,21,1,922,2619478579,191
שמעה,3784,7,77,1,812,2012258844,607
שמרת,432,2,24,1,640,2092076183,17
שמשית,1337,2,23,1,2517,2234173758,221
שני,1287,6,62,1,547,2066558490,693
שניר,1132,2,21,1,609,2635779414,308
שעב,538,2,24,2,7228,2224375501,52
שעל,4009,2,29,1,305,2674078025,784
שעלבים,856,4,43,1,1910,1984964193,190
שער אפרים,661,4,41,1,1919,1999368838,42
שער הגולן,264,2,22,1,541,2569373258,-195
שער העמקים,237,3,31,1,763,2108373650,62
שער מנשה,921,3,32,1,527,2016170594,38
שערי תקווה,3720,7,73,1,6057,2026566996,179
שפיים,232,4,41,1,1327,1836768049,37
שפיר,692,6,61,1,923,1743262283,58
"שפלת יהודה מ""א 26",1803,1,11,,,1939062680,
"שפלת יהודה של""ש",1804,1,11,,,,
שפר,846,2,21,1,442,2411276098,589
שפרעם,8800,2,24,2,42509,2164074572,137
שקד,3649,7,71,1,1017,2160970880,405
שקף,1233,6,61,1,570,1939560256,417
שרונה,292,2,22,1,573,2440173687,253
שריגים (לי-און),1114,1,11,1,1062,1939062060,306
שריד,126,2,23,1,899,2214672985,88
שרשרת,398,6,62,1,335,1622559044,141
שתולה,1045,2,24,1,286,2297077667,654
שתולים,763,6,61,1,2091,1701263135,30
תאשור,2062,6,62,1,436,1660658680,137
תדהר,2061,6,62,1,677,1645658762,115
תובל,1172,2,24,1,314,2232275933,526
תומר,3558,7,75,1,287,2416065841,-227
תושייה,1083,6,62,1,842,1563759372,108
תימורים,163,6,61,1,762,1771962485,77
תירוש,10,1,11,1,457,1892862871,149
תל אביב -יפו,5000,5,51,4,463808,1802766486,17
תל חי (מכללה),1707,2,21,,,2543679339,239
תל יוסף,84,2,23,1,559,2377871801,-16
תל יצחק,287,4,41,1,803,1877568442,31
תל מונד,154,4,41,1,13492,1924068438,46
תל עדשים,103,2,23,1,1501,2286672909,98
תל קציר,719,2,22,1,462,2581973451,-144
תל שבע,1054,6,62,2,21554,1867057304,312
תל תאומים,1283,2,23,1,606,2468570537,-139
תלם,3719,7,77,1,478,2030460789,674
תלמי אליהו,1051,6,62,1,322,1455757108,136
תלמי אלעזר,2003,3,32,1,964,1981270578,27
"תלמי ביל""ו",2050,6,62,1,528,1662859411,171
תלמי יוסף,1237,6,62,1,324,1391756807,111
תלמי יחיאל,727,6,61,1,1021,1776162904,52
תלמי יפה,744,6,61,1,813,1633861413,73
תלמים,814,6,61,1,920,1689060813,95
תמרת,1244,2,23,1,1274,2214073433,240
תנובות,2002,4,41,1,830,1966869022,40
תעוז,752,1,11,1,633,1977063427,221
תעשיון בינימין*,1744,4,42,,,1957967601,40
תעשיון דלתון,1709,2,21,,,2451577021,846
תעשיון השרון,1741,4,41,,,1927868692,51
תעשיון חבל יבנה,1750,4,44,,,1690063621,13
תעשיון חצב*,1742,4,42,,,1961366378,111
תעשיון מבצע*,1754,6,61,,,1767563096,60
תעשיון מיתרים,1794,7,77,,,2005458682,602
תעשיון צריפין,1749,4,43,,,1862665227,50
תעשיון ראם*,1755,6,61,,,1799462954,60
"תעשיון שח""ק",1792,7,71,,,2169970888,345
תעשיות גליל תחתון,1714,2,22,,,2436674342,165
תפרח,709,6,62,1,2268,1693658163,160
תקומה,665,6,62,1,741,1600359560,131
תקוע,3563,7,76,1,4168,2218961753,647
תראבין א-צאנע (שבט),970,6,62,3,,1830056400,
תרבין א-צאנע (יישוב)*,1346,6,62,2,1183,1752658369,230
תרום,778,1,11,1,962,1983663227,286
